,feature_name,score
0,hsa-miR-1343-3p,0.75686777
1,hsa-miR-221-3p,0.44115698
2,hsa-miR-4787-3p,0.4368218
3,hsa-miR-6717-5p,0.3379869
4,hsa-miR-4783-3p,0.29938763
5,hsa-miR-3160-5p,0.28378662
6,hsa-miR-6736-5p,0.2577896
7,hsa-miR-17-3p,0.2548632
8,hsa-miR-1185-1-3p,0.25138345
9,hsa-miR-6836-3p,0.2374335
10,hsa-miR-4730,0.22262952
11,hsa-miR-4456,0.21637426
12,hsa-miR-125a-3p,0.21369821
13,hsa-miR-4652-5p,0.21289133
14,hsa-miR-629-3p,0.20958811
15,hsa-miR-1307-3p,0.19975251
16,hsa-miR-3131,0.19427906
17,hsa-miR-4534,0.19237617
18,hsa-miR-195-5p,0.18870023
19,hsa-miR-1185-2-3p,0.18735944
20,hsa-miR-4258,0.17966655
21,hsa-miR-6515-5p,0.17386498
22,hsa-miR-1246,0.1655615
23,hsa-miR-6076,0.1627271
24,hsa-miR-1233-5p,0.15712763
25,hsa-miR-373-5p,0.15698078
26,hsa-miR-6741-5p,0.15218952
27,hsa-miR-122-5p,0.14772217
28,hsa-miR-4745-5p,0.134172
29,hsa-miR-4472,0.13412753
30,hsa-miR-3619-3p,0.13218305
31,hsa-miR-422a,0.12859225
32,hsa-miR-6746-5p,0.12845348
33,hsa-miR-5698,0.12829332
34,hsa-miR-4708-3p,0.12479621
35,hsa-miR-4727-3p,0.12204498
36,hsa-miR-516a-5p,0.1173406
37,hsa-miR-6087,0.11645019
38,hsa-miR-483-5p,0.11255503
39,hsa-miR-4728-5p,0.11234052
40,hsa-miR-6877-5p,0.10720452
41,hsa-miR-6831-5p,0.10708012
42,hsa-miR-8073,0.1050208
43,hsa-miR-6131,0.09996718
44,hsa-miR-6760-5p,0.099111706
45,hsa-miR-197-5p,0.097477764
46,hsa-miR-4697-5p,0.09669584
47,hsa-miR-4646-5p,0.095873326
48,hsa-miR-29b-3p,0.09506795
49,hsa-miR-320a,0.094976716
50,hsa-miR-3184-5p,0.092986114
51,hsa-miR-342-5p,0.091731854
52,hsa-miR-4750-3p,0.08816131
53,hsa-miR-296-3p,0.08677522
54,hsa-miR-6839-5p,0.08606163
55,hsa-miR-1203,0.081770435
56,hsa-miR-3679-5p,0.08167916
57,hsa-miR-16-5p,0.080319405
58,hsa-miR-4789-5p,0.07838277
59,hsa-miR-941,0.0776371
60,hsa-miR-625-3p,0.077480555
61,hsa-miR-320b,0.0770701
62,hsa-miR-6785-5p,0.07649094
63,hsa-miR-4658,0.0764119
64,hsa-miR-1914-5p,0.07383652
65,hsa-miR-4443,0.07382147
66,hsa-miR-4734,0.07374373
67,hsa-miR-4732-5p,0.07333035
68,hsa-miR-4532,0.07060139
69,hsa-miR-885-3p,0.06929418
70,hsa-miR-1224-5p,0.06839652
71,hsa-miR-4515,0.06586661
72,hsa-miR-1470,0.06579655
73,hsa-miR-7641,0.064583786
74,hsa-miR-6777-5p,0.06368808
75,hsa-miR-920,0.063295215
76,hsa-miR-646,0.062634565
77,hsa-miR-4483,0.062493514
78,hsa-miR-124-3p,0.06215573
79,hsa-miR-642b-3p,0.060940996
80,hsa-miR-4771,0.06093383
81,hsa-miR-3194-3p,0.060695343
82,hsa-miR-1254,0.059568774
83,hsa-miR-6088,0.05955301
84,hsa-miR-6812-5p,0.058744766
85,hsa-miR-6769a-5p,0.05691394
86,hsa-miR-4257,0.056730833
87,hsa-miR-4783-5p,0.055831403
88,hsa-miR-4447,0.05552712
89,hsa-miR-6763-5p,0.055194322
90,hsa-miR-6787-5p,0.053410605
91,hsa-miR-3917,0.05301298
92,hsa-miR-6794-5p,0.051878247
93,hsa-miR-4455,0.051858965
94,hsa-miR-551b-5p,0.051856678
95,hsa-miR-6887-5p,0.05170297
96,hsa-miR-629-5p,0.05154288
97,hsa-miR-663a,0.051451754
98,hsa-miR-1225-3p,0.05144578
99,hsa-miR-187-5p,0.050984856
100,hsa-miR-29b-1-5p,0.050570827
101,hsa-miR-1238-5p,0.047900748
102,hsa-miR-1915-5p,0.04739538
103,hsa-miR-6798-3p,0.047244795
104,hsa-miR-92b-5p,0.046920203
105,hsa-miR-4736,0.046018124
106,hsa-miR-191-5p,0.04593818
107,hsa-miR-939-5p,0.045862913
108,hsa-miR-504-3p,0.04514071
109,hsa-miR-4454,0.044980958
110,hsa-miR-6893-5p,0.044555634
111,hsa-miR-615-5p,0.044426236
112,hsa-miR-3162-3p,0.044420376
113,hsa-miR-3922-3p,0.044089273
114,hsa-miR-3156-5p,0.044009145
115,hsa-miR-3158-5p,0.043840177
116,hsa-miR-23b-3p,0.04374526
117,hsa-miR-4648,0.043107823
118,"hsa-miR-365a-3p, hsa-miR-365b-3p",0.04302967
119,hsa-miR-7975,0.042470165
120,hsa-miR-106a-3p,0.04221714
121,hsa-miR-548f-3p,0.0419048
122,hsa-miR-3664-3p,0.040944315
123,hsa-miR-550a-5p,0.040799513
124,hsa-miR-515-5p,0.040427074
125,hsa-miR-4485-5p,0.04010955
126,hsa-miR-760,0.039961956
127,hsa-miR-6070,0.03938838
128,hsa-miR-1202,0.039385594
129,hsa-miR-4755-3p,0.03898333
130,hsa-miR-133a-3p,0.038169943
131,hsa-miR-6765-3p,0.03752145
132,hsa-miR-1292-3p,0.037455887
133,hsa-miR-7108-3p,0.037287507
134,hsa-miR-548s,0.03663011
135,hsa-miR-5739,0.03556886
136,hsa-miR-575,0.034939293
137,hsa-miR-4480,0.034600526
138,hsa-miR-1227-3p,0.034510594
139,hsa-miR-3679-3p,0.03429486
140,hsa-miR-204-3p,0.033794146
141,hsa-miR-409-5p,0.033455767
142,hsa-miR-1247-3p,0.03306077
143,hsa-miR-4439,0.03298004
144,hsa-miR-3181,0.032900624
145,hsa-miR-514b-5p,0.032330006
146,hsa-miR-3610,0.03225586
147,hsa-miR-320d,0.032096766
148,hsa-miR-4462,0.032090444
149,hsa-miR-4675,0.031937387
150,hsa-miR-133b,0.031767573
151,hsa-miR-6501-3p,0.031610224
152,hsa-miR-3663-3p,0.031126462
153,hsa-miR-3122,0.030890651
154,hsa-miR-6726-5p,0.030885175
155,hsa-miR-3978,0.030870356
156,hsa-miR-182-5p,0.030522583
157,hsa-miR-328-5p,0.030468002
158,hsa-miR-486-5p,0.030376358
159,hsa-miR-4722-5p,0.030235233
160,hsa-miR-223-3p,0.030148715
161,hsa-miR-6845-5p,0.029909663
162,hsa-miR-5093,0.029748062
163,hsa-miR-4655-3p,0.029653372
164,hsa-miR-6778-5p,0.029584458
165,hsa-miR-518d-3p,0.029398585
166,hsa-miR-4286,0.029020244
167,hsa-miR-4740-5p,0.028933346
168,hsa-miR-6511b-5p,0.028596953
169,hsa-miR-6880-3p,0.028535675
170,hsa-miR-5008-5p,0.028359292
171,hsa-miR-6878-5p,0.028210064
172,hsa-miR-4800-3p,0.028199352
173,hsa-miR-1469,0.028125662
174,hsa-miR-191-3p,0.027905282
175,hsa-miR-92a-2-5p,0.027709331
176,hsa-miR-6757-5p,0.027553163
177,hsa-miR-6731-3p,0.027477648
178,hsa-miR-7977,0.027464624
179,hsa-miR-211-3p,0.027382376
180,hsa-miR-4505,0.026970299
181,hsa-miR-4436b-5p,0.026905939
182,hsa-miR-4529-3p,0.026744975
183,hsa-miR-1193,0.026498282
184,hsa-miR-5705,0.026330877
185,hsa-miR-498,0.025680037
186,hsa-miR-18a-5p,0.025539802
187,hsa-miR-8071,0.02536507
188,hsa-miR-3154,0.025291177
189,hsa-miR-4433a-3p,0.025270868
190,hsa-miR-4635,0.02503936
191,hsa-miR-208a-5p,0.02494967
192,hsa-miR-4497,0.024721827
193,hsa-miR-6768-5p,0.024639176
194,hsa-miR-6766-3p,0.024574602
195,hsa-miR-1273g-3p,0.024479078
196,hsa-miR-151b,0.024472773
197,hsa-miR-5010-5p,0.024472209
198,hsa-miR-4711-3p,0.024390168
199,hsa-miR-6784-5p,0.024060037
200,hsa-miR-6820-5p,0.02398985
201,hsa-miR-4632-5p,0.023986941
202,hsa-miR-6073,0.023827175
203,hsa-miR-8063,0.023825953
204,hsa-miR-6515-3p,0.023748077
205,hsa-miR-1234-3p,0.023671819
206,hsa-miR-519e-5p,0.023500828
207,hsa-miR-6795-3p,0.023424488
208,hsa-miR-320c,0.023094077
209,hsa-miR-3977,0.023012528
210,hsa-miR-642a-3p,0.023006968
211,hsa-miR-371b-5p,0.022931008
212,hsa-miR-4683,0.022846304
213,hsa-miR-6869-3p,0.022776032
214,hsa-miR-647,0.02269042
215,hsa-miR-150-3p,0.022539362
216,hsa-miR-3192-5p,0.02236578
217,hsa-miR-423-3p,0.022361852
218,"hsa-miR-527, hsa-miR-518a-5p",0.022130998
219,hsa-let-7a-5p,0.022123909
220,hsa-miR-22-3p,0.022116506
221,hsa-miR-1283,0.021958388
222,hsa-miR-6880-5p,0.021955833
223,hsa-miR-4430,0.02181046
224,hsa-miR-6849-5p,0.021474218
225,hsa-miR-6762-5p,0.021469513
226,hsa-miR-4633-3p,0.021393897
227,hsa-miR-4433b-5p,0.021393815
228,hsa-miR-619-5p,0.021384668
229,hsa-miR-33b-5p,0.021311995
230,hsa-miR-665,0.02115793
231,hsa-miR-520f-5p,0.02106145
232,hsa-miR-6785-3p,0.020912351
233,hsa-miR-636,0.020754473
234,hsa-miR-4449,0.02068082
235,hsa-miR-302c-5p,0.020580288
236,hsa-miR-4423-5p,0.020506943
237,hsa-miR-887-3p,0.0204128
238,hsa-miR-6875-5p,0.020348595
239,hsa-miR-6869-5p,0.020174691
240,hsa-miR-933,0.020165982
241,hsa-miR-3135b,0.020120332
242,hsa-miR-3162-5p,0.02011501
243,hsa-miR-31-3p,0.020102853
244,hsa-miR-92a-3p,0.020091532
245,hsa-miR-4435,0.020016538
246,hsa-miR-6798-5p,0.020007808
247,hsa-miR-7847-3p,0.019779613
248,hsa-miR-940,0.019773653
249,hsa-miR-28-3p,0.019700076
250,hsa-miR-6165,0.019607497
251,hsa-miR-556-5p,0.01958871
252,hsa-miR-4663,0.019537244
253,hsa-miR-6769a-3p,0.019524021
254,hsa-miR-6731-5p,0.01944779
255,hsa-miR-514a-5p,0.019268181
256,hsa-miR-663b,0.019202884
257,hsa-miR-195-3p,0.01911836
258,hsa-miR-4460,0.018880092
259,hsa-miR-4513,0.018649518
260,hsa-miR-4433a-5p,0.018558523
261,hsa-miR-134-5p,0.018485606
262,hsa-miR-6770-3p,0.018393368
263,hsa-miR-8089,0.01831505
264,hsa-miR-4707-3p,0.018237475
265,hsa-miR-4665-3p,0.01813994
266,hsa-miR-1236-5p,0.01799259
267,hsa-miR-4801,0.017837273
268,hsa-miR-574-3p,0.017830526
269,hsa-miR-4476,0.017822774
270,hsa-miR-495-5p,0.017743247
271,hsa-miR-4795-3p,0.017658869
272,hsa-miR-3689d,0.017599553
273,hsa-miR-4763-3p,0.017588435
274,hsa-miR-3616-5p,0.017509935
275,hsa-miR-4298,0.017335115
276,hsa-miR-107,0.017255405
277,hsa-miR-6826-5p,0.01725069
278,hsa-miR-211-5p,0.01701623
279,hsa-miR-365a-5p,0.017013326
280,hsa-miR-5572,0.016855488
281,hsa-miR-15a-5p,0.01677358
282,hsa-miR-370-3p,0.016684888
283,hsa-miR-6502-3p,0.016616378
284,hsa-miR-4640-3p,0.016616302
285,hsa-miR-6793-5p,0.016608493
286,hsa-miR-4687-5p,0.016543284
287,hsa-miR-640,0.016539453
288,hsa-miR-675-3p,0.01644829
289,hsa-miR-23a-3p,0.016371556
290,hsa-miR-6800-5p,0.016207589
291,hsa-miR-6729-3p,0.0161322
292,hsa-miR-4739,0.016047258
293,hsa-miR-4777-3p,0.015882023
294,hsa-miR-518e-3p,0.01572558
295,hsa-miR-4444,0.015721185
296,hsa-miR-3185,0.015477505
297,hsa-miR-548ap-5p,0.015473873
298,hsa-miR-193a-5p,0.015404718
299,hsa-miR-6858-5p,0.015305373
300,hsa-miR-6842-5p,0.015304733
301,hsa-miR-6879-5p,0.015229283
302,hsa-miR-548aw,0.014990781
303,hsa-miR-127-3p,0.014912197
304,hsa-miR-4664-5p,0.01490486
305,hsa-miR-6872-3p,0.014828292
306,hsa-miR-136-3p,0.014822193
307,hsa-miR-4649-5p,0.0147584
308,hsa-miR-6769b-5p,0.014747407
309,hsa-miR-17-5p,0.014744708
310,hsa-miR-6864-3p,0.014740594
311,hsa-miR-6859-5p,0.014594695
312,hsa-miR-6877-3p,0.014590694
313,hsa-miR-4417,0.01458964
314,hsa-miR-5007-5p,0.014513631
315,hsa-miR-491-5p,0.014508501
316,hsa-miR-4773,0.014505744
317,hsa-miR-5187-3p,0.014504602
318,hsa-miR-4529-5p,0.014499125
319,hsa-miR-4769-5p,0.014349551
320,hsa-miR-6752-5p,0.014259675
321,hsa-miR-6795-5p,0.014259647
322,hsa-miR-6124,0.014020484
323,hsa-miR-4450,0.013944743
324,hsa-miR-6765-5p,0.013933482
325,hsa-miR-3064-5p,0.013859502
326,hsa-miR-6805-3p,0.013845196
327,hsa-miR-532-3p,0.013781669
328,hsa-miR-3194-5p,0.013780863
329,hsa-miR-4419b,0.013779356
330,hsa-miR-423-5p,0.013778868
331,hsa-miR-7110-5p,0.013774065
332,hsa-miR-4259,0.013773546
333,hsa-miR-4695-5p,0.013696633
334,hsa-miR-5096,0.013696439
335,hsa-miR-6802-5p,0.013695974
336,hsa-miR-452-3p,0.0136903785
337,hsa-miR-4750-5p,0.013619041
338,hsa-miR-3944-5p,0.0135346055
339,hsa-miR-506-5p,0.013448253
340,hsa-miR-4429,0.013373549
341,hsa-miR-4742-5p,0.013366301
342,hsa-miR-638,0.013289996
343,hsa-miR-125b-1-3p,0.0132069895
344,hsa-miR-130a-3p,0.013123226
345,hsa-miR-2110,0.01305412
346,hsa-miR-4313,0.01305232
347,hsa-miR-1249-3p,0.0130436
348,hsa-miR-1910-5p,0.013033795
349,hsa-miR-3646,0.012973156
350,hsa-miR-1915-3p,0.012881156
351,hsa-miR-4470,0.012807984
352,hsa-miR-5189-5p,0.012806296
353,hsa-miR-668-5p,0.01280342
354,hsa-miR-371a-5p,0.01279565
355,hsa-miR-3184-3p,0.012723323
356,hsa-miR-6832-3p,0.01264239
357,hsa-miR-6511a-5p,0.012559371
358,hsa-miR-1199-5p,0.01255763
359,hsa-miR-494-3p,0.012492482
360,hsa-miR-192-5p,0.012483629
361,hsa-miR-6825-3p,0.012402808
362,hsa-miR-4492,0.01240039
363,hsa-miR-3195,0.012400047
364,hsa-miR-4433b-3p,0.012395981
365,hsa-miR-6125,0.0123221865
366,hsa-miR-433-3p,0.012317565
367,hsa-miR-31-5p,0.012245218
368,hsa-miR-4757-5p,0.012077709
369,hsa-miR-339-5p,0.012063057
370,hsa-miR-6819-5p,0.011990361
371,hsa-miR-3142,0.011914327
372,hsa-miR-487a-3p,0.0118404385
373,hsa-miR-6075,0.0118339425
374,hsa-miR-4533,0.011832697
375,hsa-miR-6861-5p,0.011830964
376,hsa-miR-484,0.011744394
377,hsa-miR-548o-3p,0.011676713
378,hsa-miR-5701,0.011664457
379,hsa-miR-29c-5p,0.011613825
380,hsa-miR-6786-5p,0.011516777
381,hsa-miR-3132,0.011512293
382,hsa-miR-4665-5p,0.011498523
383,hsa-miR-3177-5p,0.011432509
384,hsa-miR-6799-5p,0.011432458
385,hsa-miR-6510-5p,0.011430986
386,hsa-miR-19b-3p,0.0114278225
387,hsa-miR-1909-3p,0.011426373
388,hsa-miR-6132,0.011425767
389,hsa-miR-4706,0.011350191
390,hsa-miR-92b-3p,0.0113458475
391,hsa-miR-6090,0.01134152
392,hsa-miR-5092,0.011340277
393,hsa-miR-4725-5p,0.011267499
394,hsa-miR-3648,0.011265591
395,hsa-miR-519d-5p,0.01125516
396,hsa-miR-6834-5p,0.011182711
397,hsa-miR-6895-5p,0.01118165
398,hsa-miR-6761-3p,0.01109799
399,hsa-miR-4796-3p,0.011026973
400,hsa-miR-3927-3p,0.011022929
401,hsa-miR-8064,0.01102263
402,hsa-miR-7849-3p,0.010874486
403,hsa-miR-26a-1-3p,0.010873543
404,hsa-miR-328-3p,0.010864541
405,hsa-miR-6819-3p,0.01085991
406,"hsa-miR-519c-5p, hsa-miR-523-5p, hsa-miR-518e-5p, hsa-miR-522-5p, hsa-miR-519a-5p, hsa-miR-519b-5p",0.010859553
407,hsa-let-7g-5p,0.010856666
408,hsa-miR-4528,0.010852476
409,hsa-miR-875-5p,0.010767241
410,hsa-miR-1908-3p,0.010706025
411,hsa-miR-937-5p,0.010701003
412,hsa-miR-8060,0.010698373
413,hsa-miR-1908-5p,0.010534983
414,hsa-miR-7851-3p,0.010533496
415,hsa-miR-4434,0.0105304625
416,hsa-miR-6822-5p,0.0104528265
417,hsa-miR-30a-3p,0.010374324
418,hsa-miR-224-5p,0.010372928
419,hsa-miR-4638-3p,0.010366155
420,hsa-miR-572,0.01028198
421,hsa-miR-6782-5p,0.01021053
422,hsa-miR-6766-5p,0.010206164
423,"hsa-miR-526a, hsa-miR-520c-5p, hsa-miR-518d-5p",0.010143546
424,hsa-miR-4276,0.010134866
425,hsa-miR-205-5p,0.010131965
426,hsa-miR-20a-3p,0.01012156
427,hsa-miR-564,0.01005147
428,hsa-miR-6825-5p,0.0100425705
429,hsa-miR-4652-3p,0.009975449
430,hsa-miR-1260b,0.009972804
431,hsa-miR-3119,0.0099724475
432,hsa-miR-4651,0.009972388
433,hsa-miR-4733-3p,0.009971642
434,hsa-miR-4688,0.009970879
435,hsa-miR-602,0.0099682165
436,hsa-miR-4420,0.009968128
437,hsa-miR-520a-5p,0.009967832
438,hsa-miR-6883-3p,0.009966324
439,hsa-miR-5195-3p,0.009966322
440,hsa-miR-4738-3p,0.009963013
441,hsa-miR-490-3p,0.0099629825
442,hsa-miR-3670,0.009960026
443,hsa-miR-6881-3p,0.009957153
444,hsa-miR-1288-3p,0.009891959
445,hsa-miR-6827-5p,0.009889927
446,hsa-miR-4526,0.0098876
447,hsa-miR-198,0.00981566
448,hsa-miR-5586-5p,0.009809182
449,hsa-miR-6748-5p,0.009807313
450,hsa-miR-7109-5p,0.009807029
451,hsa-miR-5581-5p,0.009805472
452,hsa-miR-3150a-3p,0.009802674
453,hsa-miR-3663-5p,0.0097994795
454,hsa-miR-23a-5p,0.009730376
455,hsa-miR-3117-3p,0.009725751
456,hsa-miR-4440,0.009641962
457,hsa-miR-488-3p,0.009638633
458,hsa-miR-1231,0.009566121
459,hsa-miR-126-5p,0.009564617
460,hsa-miR-7153-5p,0.009557267
461,hsa-miR-4792,0.009553574
462,hsa-miR-4485-3p,0.009484715
463,hsa-miR-4701-3p,0.0094827125
464,hsa-miR-4299,0.009478243
465,hsa-miR-4667-5p,0.009477656
466,hsa-miR-4638-5p,0.009407742
467,hsa-miR-711,0.009403576
468,hsa-miR-30e-3p,0.009401579
469,hsa-miR-650,0.009400999
470,hsa-miR-3616-3p,0.00940048
471,hsa-miR-3127-5p,0.009397752
472,hsa-miR-3141,0.009396013
473,hsa-miR-658,0.009325154
474,hsa-miR-6722-5p,0.009320446
475,hsa-miR-3153,0.0093130525
476,hsa-miR-367-5p,0.009237905
477,hsa-miR-3937,0.009236426
478,hsa-miR-8485,0.0091543915
479,hsa-miR-4747-3p,0.009083822
480,hsa-miR-3688-5p,0.009080841
481,hsa-miR-7106-3p,0.009073614
482,hsa-miR-145-5p,0.009067927
483,hsa-miR-4519,0.008998653
484,hsa-miR-30e-5p,0.008993793
485,hsa-miR-320e,0.00899352
486,hsa-miR-4723-5p,0.008918611
487,hsa-miR-6835-5p,0.0089161
488,hsa-miR-4763-5p,0.008842168
489,hsa-miR-3152-5p,0.008837484
490,hsa-miR-4743-5p,0.008835111
491,hsa-miR-6724-5p,0.008833641
492,hsa-miR-345-3p,0.008833583
493,hsa-let-7b-5p,0.00883124
494,hsa-miR-6509-5p,0.008682051
495,hsa-miR-1273g-5p,0.008671553
496,hsa-miR-4727-5p,0.008589593
497,hsa-miR-518a-3p,0.008589323
498,hsa-miR-718,0.00851286
499,hsa-miR-3151-5p,0.008511792
500,hsa-miR-4685-3p,0.008506894
501,hsa-miR-4428,0.008504228
502,hsa-miR-4253,0.008437557
503,hsa-miR-513a-5p,0.008431094
504,hsa-miR-4758-5p,0.008428635
505,hsa-miR-4673,0.008425442
506,hsa-miR-6730-5p,0.008423682
507,hsa-miR-3145-5p,0.008422421
508,hsa-miR-3187-3p,0.008350706
509,hsa-miR-5001-5p,0.008346474
510,hsa-miR-4431,0.008346293
511,hsa-miR-6868-3p,0.008345124
512,hsa-miR-20b-5p,0.008339791
513,hsa-let-7c-5p,0.00826414
514,hsa-miR-505-3p,0.008263432
515,hsa-miR-3155a,0.008260033
516,hsa-miR-93-5p,0.008259989
517,hsa-miR-6865-3p,0.008188918
518,hsa-miR-6830-5p,0.008181073
519,hsa-miR-4322,0.008174897
520,hsa-miR-4726-5p,0.008106989
521,hsa-miR-7107-5p,0.00810365
522,hsa-miR-4721,0.008102312
523,hsa-miR-6824-5p,0.008100455
524,hsa-miR-4790-5p,0.008099702
525,hsa-miR-3622a-5p,0.008095467
526,hsa-miR-4442,0.00802592
527,hsa-miR-2116-3p,0.008025156
528,hsa-miR-302a-5p,0.0080209775
529,hsa-miR-4270,0.007945187
530,hsa-miR-4687-3p,0.007941089
531,hsa-miR-662,0.007939906
532,hsa-miR-1275,0.007936411
533,hsa-miR-586,0.007934806
534,hsa-miR-1207-5p,0.007873056
535,hsa-miR-1249-5p,0.007867784
536,hsa-miR-8072,0.007864437
537,hsa-miR-6744-3p,0.007859048
538,hsa-miR-6792-5p,0.007854346
539,hsa-miR-6815-5p,0.0077856104
540,hsa-miR-134-3p,0.007785364
541,hsa-miR-3130-3p,0.007784393
542,hsa-miR-9500,0.0077821915
543,hsa-miR-132-3p,0.0077795526
544,hsa-miR-597-5p,0.0077011483
545,hsa-miR-4737,0.0077010007
546,hsa-miR-4465,0.0076983194
547,hsa-miR-6512-5p,0.007695394
548,hsa-miR-6742-5p,0.0076222755
549,hsa-miR-6068,0.007620839
550,hsa-miR-302e,0.007616878
551,hsa-miR-3649,0.0076129367
552,hsa-miR-1285-3p,0.0075400043
553,hsa-miR-6732-3p,0.007539039
554,hsa-miR-185-3p,0.007535738
555,hsa-miR-5088-5p,0.007531359
556,hsa-miR-3187-5p,0.0074612154
557,hsa-miR-6807-5p,0.007384619
558,hsa-miR-548g-3p,0.0073811137
559,hsa-miR-26a-5p,0.007380954
560,hsa-miR-137,0.0073805377
561,hsa-miR-6885-5p,0.007379481
562,hsa-miR-1276,0.007374275
563,hsa-miR-135a-3p,0.0073736547
564,hsa-miR-4289,0.0073710633
565,hsa-miR-6745,0.0073706694
566,hsa-miR-518f-3p,0.0072987126
567,hsa-miR-346,0.00729538
568,hsa-miR-126-3p,0.007294648
569,hsa-miR-4459,0.0072943196
570,hsa-miR-6744-5p,0.007294298
571,hsa-miR-4279,0.007294285
572,hsa-miR-3147,0.007292988
573,hsa-miR-4633-5p,0.0072091813
574,hsa-miR-1281,0.0071370653
575,hsa-miR-1236-3p,0.0071354117
576,hsa-miR-4690-5p,0.0071300464
577,hsa-let-7i-5p,0.007128776
578,hsa-miR-6796-5p,0.00712854
579,hsa-miR-96-5p,0.007127574
580,hsa-miR-496,0.007053234
581,hsa-miR-3976,0.0069757244
582,hsa-miR-4490,0.0069735595
583,hsa-miR-124-5p,0.0069725257
584,hsa-miR-550a-3-5p,0.006970536
585,hsa-miR-6742-3p,0.006969424
586,hsa-miR-4731-3p,0.0069682216
587,hsa-miR-4317,0.0068932124
588,hsa-miR-4716-5p,0.0068912283
589,hsa-miR-1233-3p,0.006890953
590,hsa-miR-30c-1-3p,0.0068901773
591,hsa-miR-7114-5p,0.006890143
592,hsa-miR-192-3p,0.0068874713
593,hsa-miR-6894-5p,0.0068860673
594,hsa-miR-6753-5p,0.0068859225
595,hsa-miR-6884-3p,0.0068856142
596,hsa-miR-6747-5p,0.006885048
597,hsa-miR-944,0.006811138
598,hsa-miR-296-5p,0.0068109715
599,hsa-miR-5094,0.006810343
600,hsa-miR-3943,0.0068092314
601,hsa-miR-6870-5p,0.0068080826
602,hsa-miR-4731-5p,0.0067306957
603,hsa-miR-99a-3p,0.0067271707
604,hsa-miR-3135a,0.006726683
605,hsa-miR-649,0.00672629
606,hsa-miR-1228-5p,0.0067237224
607,hsa-miR-210-3p,0.006720276
608,hsa-miR-3191-3p,0.006719986
609,hsa-miR-4693-3p,0.006651875
610,hsa-miR-6862-3p,0.006651518
611,hsa-miR-3202,0.0066453773
612,hsa-miR-6743-5p,0.0066415407
613,hsa-miR-3934-5p,0.0066397637
614,hsa-miR-4489,0.0065741003
615,hsa-miR-6892-5p,0.0065692067
616,hsa-miR-1302,0.0065689487
617,hsa-miR-4713-3p,0.0065674502
618,hsa-miR-204-5p,0.006567077
619,hsa-miR-4281,0.0065659094
620,hsa-miR-380-3p,0.0065618167
621,hsa-miR-612,0.0065593673
622,hsa-miR-6127,0.006489166
623,hsa-miR-9-5p,0.0064860475
624,hsa-miR-1299,0.0064826775
625,hsa-miR-24-3p,0.006481526
626,hsa-miR-6806-5p,0.006481424
627,hsa-miR-642a-5p,0.006479276
628,hsa-miR-4744,0.006478481
629,hsa-miR-2392,0.006402838
630,hsa-miR-1224-3p,0.0064002327
631,hsa-miR-27a-3p,0.0063264337
632,hsa-miR-6776-5p,0.006322685
633,hsa-miR-583,0.0063219047
634,hsa-miR-4535,0.006320486
635,hsa-miR-21-5p,0.0063202623
636,hsa-miR-4498,0.0063193543
637,hsa-miR-1973,0.00631868
638,hsa-miR-3180,0.0063140844
639,hsa-miR-6796-3p,0.00624526
640,hsa-miR-3652,0.006242334
641,hsa-miR-4724-3p,0.006240712
642,hsa-miR-4642,0.006239881
643,hsa-miR-515-3p,0.0062394585
644,hsa-miR-6837-5p,0.00623624
645,hsa-miR-4781-3p,0.006162592
646,hsa-miR-4271,0.006157492
647,hsa-miR-4261,0.0061571184
648,hsa-miR-4423-3p,0.006155662
649,hsa-miR-6081,0.006154634
650,hsa-miR-6790-3p,0.0060893307
651,hsa-miR-3658,0.006081253
652,hsa-miR-7113-3p,0.0060773776
653,hsa-miR-3178,0.0060768872
654,hsa-miR-140-3p,0.006074509
655,hsa-miR-148a-3p,0.0060732155
656,hsa-miR-1229-5p,0.0060725925
657,hsa-miR-6739-3p,0.006004281
658,hsa-miR-24-1-5p,0.0059991456
659,hsa-miR-556-3p,0.005997454
660,hsa-miR-4507,0.0059971143
661,hsa-miR-6840-3p,0.005996491
662,hsa-miR-4728-3p,0.005992836
663,hsa-miR-4650-3p,0.0059243413
664,hsa-miR-4295,0.0059189405
665,hsa-miR-744-5p,0.0059144907
666,hsa-miR-3617-5p,0.0059141456
667,hsa-miR-551b-3p,0.00591311
668,hsa-miR-3907,0.0059125405
669,hsa-miR-6801-3p,0.00584144
670,hsa-miR-3529-5p,0.0058381376
671,hsa-miR-449c-5p,0.00583413
672,hsa-miR-4754,0.005833528
673,hsa-miR-525-3p,0.005830736
674,hsa-miR-487a-5p,0.005829645
675,hsa-miR-3918,0.005759753
676,hsa-miR-3121-5p,0.005755437
677,hsa-miR-200a-5p,0.0057550794
678,hsa-miR-5689,0.0057545262
679,hsa-miR-5011-5p,0.0057535046
680,hsa-miR-6746-3p,0.0057523875
681,hsa-miR-378i,0.005752028
682,hsa-miR-199a-5p,0.005750952
683,hsa-miR-3920,0.0057488657
684,hsa-miR-30d-5p,0.005677208
685,hsa-miR-548az-3p,0.0056754854
686,hsa-miR-7111-5p,0.005673371
687,hsa-miR-5009-5p,0.005672389
688,hsa-miR-1178-5p,0.0056721433
689,hsa-miR-302b-5p,0.00567214
690,hsa-miR-425-3p,0.005671892
691,hsa-miR-212-3p,0.0056701275
692,hsa-miR-641,0.0055991523
693,hsa-miR-4745-3p,0.0055971006
694,hsa-miR-5591-5p,0.005596926
695,hsa-miR-34b-3p,0.005595344
696,hsa-miR-4646-3p,0.005590447
697,hsa-miR-5681a,0.005589268
698,hsa-miR-298,0.0055887983
699,hsa-miR-1200,0.005588231
700,hsa-miR-1-5p,0.005587007
701,hsa-miR-4684-3p,0.005516262
702,hsa-miR-7155-5p,0.0055146893
703,hsa-miR-4698,0.0055141607
704,hsa-miR-6716-5p,0.0055140695
705,hsa-miR-1913,0.005511558
706,hsa-miR-5586-3p,0.005510827
707,hsa-miR-513c-3p,0.0055090096
708,hsa-miR-6794-3p,0.0055082324
709,hsa-miR-1539,0.005506835
710,hsa-miR-6083,0.0055036815
711,hsa-miR-4691-5p,0.0054308386
712,hsa-miR-99b-5p,0.005430762
713,hsa-miR-431-5p,0.0054303133
714,hsa-miR-5190,0.0054296404
715,hsa-miR-5585-3p,0.0054282295
716,hsa-miR-486-3p,0.005428086
717,hsa-miR-1914-3p,0.005350695
718,hsa-miR-3116,0.005350488
719,hsa-miR-140-5p,0.0053504403
720,hsa-miR-20a-5p,0.0053498806
721,hsa-miR-525-5p,0.00534936
722,hsa-miR-483-3p,0.005349159
723,hsa-miR-3621,0.0053476454
724,hsa-miR-6732-5p,0.005345439
725,hsa-miR-4756-5p,0.0053440104
726,hsa-miR-6805-5p,0.0052716215
727,hsa-miR-4496,0.005269951
728,hsa-miR-5587-5p,0.005269658
729,hsa-miR-6846-5p,0.005267444
730,hsa-miR-874-3p,0.005267356
731,hsa-miR-1269b,0.0052663595
732,hsa-miR-384,0.0052651432
733,hsa-miR-6728-3p,0.005193592
734,hsa-miR-6749-3p,0.0051930808
735,hsa-miR-3124-5p,0.0051930496
736,hsa-miR-1301-5p,0.00519197
737,hsa-miR-125b-2-3p,0.005188457
738,hsa-miR-4446-3p,0.0051876316
739,hsa-miR-1343-5p,0.0051872414
740,hsa-miR-4800-5p,0.005186049
741,hsa-miR-4682,0.0051859017
742,hsa-miR-4746-3p,0.0051846774
743,hsa-miR-670-3p,0.005109423
744,hsa-miR-4274,0.005109172
745,hsa-miR-4634,0.005107688
746,hsa-miR-4794,0.005107013
747,hsa-miR-6879-3p,0.005106056
748,hsa-miR-3675-3p,0.0051044254
749,hsa-miR-8052,0.0051040053
750,hsa-miR-588,0.0051025534
751,hsa-miR-1268b,0.005102044
752,hsa-miR-4294,0.0051010586
753,hsa-let-7i-3p,0.005099367
754,hsa-miR-6779-5p,0.0050272774
755,hsa-miR-6874-5p,0.0050263507
756,hsa-miR-8056,0.0050244783
757,hsa-miR-4267,0.005024075
758,hsa-miR-6759-5p,0.0050227726
759,hsa-miR-4251,0.0050223502
760,hsa-miR-6860,0.0050214236
761,hsa-miR-4786-3p,0.005019076
762,hsa-miR-6503-3p,0.0050177067
763,hsa-miR-362-5p,0.0049489415
764,hsa-miR-936,0.0049463445
765,hsa-miR-6715b-5p,0.004945149
766,hsa-miR-4725-3p,0.0049424805
767,hsa-miR-576-5p,0.0049419124
768,hsa-miR-1304-5p,0.004938575
769,hsa-miR-5684,0.004866025
770,hsa-miR-363-3p,0.0048651667
771,hsa-miR-548b-3p,0.0048639085
772,hsa-miR-6756-5p,0.004862271
773,hsa-miR-4446-5p,0.004861704
774,hsa-miR-1237-5p,0.0048611886
775,hsa-miR-4530,0.0048604268
776,hsa-miR-4306,0.0048590116
777,hsa-miR-26b-3p,0.004858314
778,hsa-miR-517-5p,0.0048572
779,hsa-miR-7150,0.0048568766
780,hsa-miR-497-5p,0.004781441
781,hsa-miR-509-3p,0.0047779586
782,hsa-miR-548ax,0.0047764294
783,hsa-miR-1306-5p,0.00477438
784,hsa-miR-15b-3p,0.0047085895
785,hsa-miR-3190-5p,0.0047084945
786,hsa-miR-6891-3p,0.0047015687
787,hsa-miR-499a-3p,0.004700656
788,hsa-miR-5090,0.004699853
789,hsa-miR-30c-5p,0.004696107
790,hsa-miR-383-5p,0.0046948385
791,hsa-miR-3191-5p,0.004624535
792,hsa-miR-3186-3p,0.004620571
793,hsa-miR-654-5p,0.004615758
794,hsa-miR-1248,0.0046141427
795,hsa-miR-489-5p,0.0045392006
796,hsa-miR-3654,0.00453877
797,hsa-miR-324-5p,0.0045385566
798,hsa-miR-877-3p,0.0045383433
799,hsa-miR-4697-3p,0.0045382357
800,hsa-miR-6878-3p,0.0045381193
801,hsa-miR-585-5p,0.0045376816
802,hsa-miR-6716-3p,0.004537173
803,hsa-miR-3928-3p,0.004535169
804,hsa-miR-653-3p,0.0045344965
805,hsa-miR-4475,0.004461011
806,hsa-miR-3926,0.0044593504
807,hsa-miR-29b-2-5p,0.00445909
808,hsa-miR-2861,0.0044589387
809,hsa-miR-6855-3p,0.0044584186
810,hsa-miR-520d-3p,0.0044573494
811,hsa-miR-4746-5p,0.0044573406
812,hsa-miR-4751,0.004456685
813,hsa-miR-135a-5p,0.004456199
814,hsa-miR-3180-5p,0.0044553634
815,hsa-miR-1304-3p,0.0043828087
816,hsa-miR-624-3p,0.004379077
817,hsa-miR-373-3p,0.0043788888
818,hsa-miR-6872-5p,0.004376877
819,hsa-miR-4766-5p,0.0043766876
820,hsa-miR-4467,0.0043757893
821,hsa-miR-4424,0.004375638
822,hsa-miR-3960,0.004375389
823,hsa-miR-6882-3p,0.0043753693
824,hsa-miR-518b,0.0043741856
825,hsa-miR-4689,0.00437284
826,hsa-miR-4708-5p,0.004298344
827,hsa-miR-6857-5p,0.004298252
828,hsa-miR-6865-5p,0.004297736
829,hsa-miR-4669,0.0042970837
830,hsa-miR-6831-3p,0.0042965594
831,hsa-miR-4766-3p,0.0042951927
832,hsa-miR-574-5p,0.0042943168
833,hsa-miR-1251-5p,0.004293167
834,hsa-miR-4691-3p,0.004291857
835,hsa-miR-6845-3p,0.004291829
836,hsa-miR-409-3p,0.0042903344
837,hsa-miR-8069,0.0042225746
838,hsa-miR-28-5p,0.004216615
839,hsa-miR-2115-3p,0.00421622
840,hsa-miR-3177-3p,0.004216146
841,hsa-miR-4694-3p,0.0042160796
842,hsa-miR-329-5p,0.0042159967
843,hsa-miR-128-2-5p,0.004214981
844,hsa-miR-99a-5p,0.004213613
845,hsa-miR-6839-3p,0.0042129303
846,hsa-miR-412-3p,0.00421262
847,hsa-miR-6726-3p,0.0042115557
848,hsa-miR-29c-3p,0.004210581
849,hsa-miR-1256,0.004141368
850,hsa-miR-6890-5p,0.0041353945
851,hsa-miR-1260a,0.0041337768
852,hsa-miR-6734-3p,0.0041332506
853,hsa-miR-4327,0.0041331053
854,hsa-miR-4758-3p,0.0041309656
855,hsa-miR-188-5p,0.004129051
856,hsa-miR-4478,0.004128625
857,hsa-miR-5010-3p,0.0041285125
858,hsa-miR-6895-3p,0.004057141
859,hsa-miR-1273f,0.0040556733
860,hsa-miR-4726-3p,0.004053656
861,hsa-miR-7854-3p,0.004053654
862,hsa-miR-34b-5p,0.004053201
863,hsa-miR-181b-2-3p,0.004053058
864,hsa-miR-193a-3p,0.004053033
865,hsa-miR-8076,0.0040525445
866,hsa-miR-4486,0.004052181
867,hsa-miR-635,0.0040515885
868,hsa-miR-6791-5p,0.0040508676
869,hsa-miR-103a-3p,0.0040500592
870,hsa-miR-6853-3p,0.0039778994
871,hsa-miR-4656,0.0039724144
872,hsa-miR-411-5p,0.0039716316
873,hsa-miR-1237-3p,0.003971366
874,hsa-miR-3689f,0.0039687054
875,hsa-miR-557,0.003968058
876,hsa-miR-4662b,0.0039679445
877,hsa-miR-651-5p,0.003965334
878,hsa-miR-1255a,0.0038964958
879,hsa-miR-4510,0.003892996
880,hsa-miR-4666a-5p,0.0038923859
881,hsa-miR-3196,0.0038914133
882,hsa-miR-4716-3p,0.0038910438
883,hsa-miR-4674,0.003891003
884,hsa-miR-27a-5p,0.0038909388
885,hsa-miR-1273e,0.0038908827
886,hsa-miR-93-3p,0.0038901863
887,hsa-miR-6511a-3p,0.0038867895
888,hsa-miR-181c-3p,0.0038854037
889,hsa-miR-6797-3p,0.0038128574
890,hsa-miR-490-5p,0.0038107228
891,hsa-miR-5009-3p,0.0038106043
892,hsa-miR-4484,0.0038105655
893,hsa-miR-19a-5p,0.0038103135
894,hsa-miR-485-5p,0.003809966
895,hsa-miR-6734-5p,0.003809916
896,hsa-miR-675-5p,0.003809472
897,hsa-miR-18b-3p,0.0038090113
898,hsa-miR-127-5p,0.0038079144
899,hsa-miR-3685,0.0038075745
900,hsa-miR-5692b,0.0038075652
901,hsa-miR-128-3p,0.0038070502
902,hsa-miR-1307-5p,0.003805941
903,"hsa-miR-548z, hsa-miR-548h-3p",0.0037383963
904,hsa-miR-1587,0.003730442
905,hsa-miR-3156-3p,0.0037297169
906,hsa-miR-4700-3p,0.0037296019
907,hsa-miR-452-5p,0.0037294074
908,hsa-miR-203b-3p,0.0037291702
909,hsa-miR-450b-3p,0.0037266428
910,hsa-miR-6780b-5p,0.003726561
911,hsa-miR-5690,0.0037255704
912,hsa-miR-526b-5p,0.0037243208
913,hsa-miR-215-5p,0.0037237608
914,hsa-miR-548ae-3p,0.0037236195
915,hsa-miR-1292-5p,0.003722653
916,hsa-miR-3128,0.0036502955
917,hsa-miR-4418,0.0036480639
918,hsa-miR-4759,0.0036477163
919,hsa-miR-6727-3p,0.0036471086
920,hsa-miR-708-3p,0.0036468979
921,hsa-let-7e-5p,0.0036466839
922,hsa-miR-5006-5p,0.0036460906
923,hsa-miR-637,0.0036460368
924,hsa-miR-671-5p,0.0036458438
925,hsa-miR-548ah-3p,0.0036455086
926,hsa-miR-376c-3p,0.003645301
927,hsa-miR-628-5p,0.0036451425
928,hsa-miR-4769-3p,0.003645053
929,hsa-miR-378c,0.0036444014
930,hsa-miR-2115-5p,0.0036441516
931,hsa-miR-335-5p,0.0036439928
932,hsa-miR-652-3p,0.0036422643
933,hsa-miR-4664-3p,0.0035712305
934,hsa-miR-8058,0.0035677885
935,hsa-miR-6803-3p,0.0035674283
936,hsa-miR-4679,0.003566284
937,hsa-miR-4788,0.0035654218
938,hsa-miR-1228-3p,0.003565344
939,hsa-miR-26a-2-3p,0.0035651564
940,hsa-miR-4655-5p,0.0035650963
941,hsa-miR-4757-3p,0.0035639505
942,hsa-miR-6763-3p,0.0035635603
943,hsa-miR-4639-3p,0.0035635203
944,hsa-miR-1976,0.0035633412
945,hsa-miR-3192-3p,0.0035615372
946,hsa-miR-4797-5p,0.0034890794
947,hsa-miR-524-5p,0.0034888554
948,hsa-miR-1245a,0.0034879076
949,hsa-miR-1225-5p,0.0034870948
950,hsa-miR-26b-5p,0.0034866913
951,hsa-miR-144-3p,0.003486011
952,hsa-miR-3671,0.0034854563
953,hsa-miR-6871-5p,0.003484982
954,hsa-miR-6790-5p,0.003484738
955,hsa-miR-548ar-5p,0.0034844687
956,hsa-miR-5704,0.0034841506
957,hsa-miR-6750-5p,0.003482966
958,hsa-miR-125a-5p,0.0034809033
959,hsa-miR-4780,0.0034808305
960,hsa-miR-1261,0.00340781
961,hsa-miR-548as-3p,0.003406107
962,hsa-miR-4714-3p,0.0034052366
963,hsa-let-7b-3p,0.003404786
964,hsa-miR-337-3p,0.003404068
965,hsa-miR-526b-3p,0.0034034804
966,hsa-miR-449b-3p,0.0034034606
967,hsa-let-7d-5p,0.003403245
968,hsa-miR-4747-5p,0.0034028718
969,hsa-miR-1471,0.0034026226
970,hsa-miR-6810-5p,0.0034025218
971,hsa-miR-3682-3p,0.0034023356
972,hsa-miR-639,0.003401477
973,hsa-miR-27b-3p,0.0034006524
974,hsa-miR-375,0.0033997134
975,hsa-miR-210-5p,0.0033289131
976,hsa-miR-3928-5p,0.0033257608
977,hsa-miR-3622b-3p,0.0033251378
978,hsa-miR-6736-3p,0.0033242265
979,hsa-miR-424-3p,0.0033240262
980,hsa-miR-6890-3p,0.0033239198
981,hsa-miR-4685-5p,0.0033236954
982,hsa-miR-6850-3p,0.0033229126
983,hsa-miR-7846-3p,0.0033222632
984,hsa-miR-4703-3p,0.003321967
985,hsa-miR-4504,0.003321489
986,hsa-miR-6722-3p,0.003320665
987,hsa-miR-1294,0.0033206583
988,hsa-miR-664a-3p,0.003319101
989,hsa-miR-569,0.0032492422
990,hsa-miR-197-3p,0.0032453144
991,hsa-miR-4326,0.0032432817
992,hsa-miR-6069,0.0032426422
993,hsa-miR-146a-5p,0.0032423432
994,hsa-miR-548d-3p,0.003241949
995,hsa-miR-550a-3p,0.0032415255
996,hsa-miR-545-3p,0.0032407437
997,hsa-miR-3925-5p,0.0032405688
998,hsa-miR-652-5p,0.003240157
999,hsa-miR-3916,0.003240009
1000,hsa-miR-4723-3p,0.0032396298
1001,hsa-miR-4668-5p,0.0032392663
1002,hsa-miR-4268,0.0031619247
1003,hsa-miR-30b-5p,0.0031619077
1004,hsa-miR-8054,0.0031606907
1005,hsa-miR-215-3p,0.0031605866
1006,hsa-miR-590-5p,0.0031603272
1007,hsa-miR-208a-3p,0.0031602464
1008,hsa-miR-3150b-5p,0.0031599374
1009,hsa-miR-6729-5p,0.0031597454
1010,hsa-miR-548am-3p,0.0031596618
1011,hsa-miR-6866-5p,0.0031596515
1012,hsa-miR-21-3p,0.003159545
1013,hsa-miR-568,0.0031591963
1014,hsa-miR-3137,0.0031585554
1015,hsa-miR-511-5p,0.0031579933
1016,hsa-miR-199b-5p,0.0031563942
1017,hsa-miR-300,0.0031549935
1018,hsa-miR-6508-3p,0.0031548557
1019,hsa-miR-877-5p,0.0030883348
1020,hsa-miR-6870-3p,0.0030822298
1021,hsa-miR-217,0.0030816104
1022,hsa-miR-5196-3p,0.003081205
1023,hsa-miR-361-3p,0.0030809306
1024,hsa-miR-6774-5p,0.0030802886
1025,hsa-miR-6846-3p,0.0030801992
1026,hsa-miR-1227-5p,0.0030801394
1027,hsa-miR-2355-5p,0.003079855
1028,hsa-miR-5095,0.0030796046
1029,hsa-miR-193b-3p,0.0030793403
1030,hsa-miR-7110-3p,0.0030792654
1031,hsa-miR-185-5p,0.0030790963
1032,hsa-miR-130b-3p,0.0030788311
1033,hsa-miR-138-1-3p,0.0030787888
1034,hsa-miR-214-3p,0.0030786847
1035,hsa-miR-3605-3p,0.0030777107
1036,hsa-miR-1301-3p,0.0030763436
1037,hsa-miR-6788-5p,0.0030741417
1038,hsa-miR-3940-5p,0.0030044212
1039,hsa-miR-3682-5p,0.0030017898
1040,hsa-miR-655-3p,0.003000886
1041,hsa-miR-4666a-3p,0.0030005155
1042,hsa-miR-4700-5p,0.00299932
1043,hsa-miR-3140-3p,0.002999005
1044,hsa-miR-4487,0.00299851
1045,hsa-miR-106b-3p,0.0029984007
1046,hsa-miR-582-5p,0.002998336
1047,hsa-miR-4263,0.0029982738
1048,hsa-miR-6775-3p,0.00299804
1049,hsa-miR-497-3p,0.0029968906
1050,hsa-miR-518c-5p,0.002996768
1051,hsa-miR-5685,0.0029959679
1052,hsa-miR-4260,0.002994344
1053,hsa-miR-135b-5p,0.0029942314
1054,hsa-miR-222-3p,0.002925071
1055,hsa-miR-6769b-3p,0.0029221182
1056,hsa-miR-4508,0.002921991
1057,hsa-miR-432-3p,0.0029209326
1058,hsa-miR-3157-3p,0.0029207503
1059,hsa-miR-6775-5p,0.002920112
1060,hsa-miR-6789-5p,0.0029196695
1061,hsa-miR-4715-3p,0.0029196502
1062,hsa-miR-766-3p,0.002919095
1063,hsa-miR-1226-5p,0.0029190055
1064,hsa-miR-3653-3p,0.002918588
1065,hsa-miR-377-3p,0.0029184315
1066,hsa-miR-4722-3p,0.0029182923
1067,hsa-miR-3614-3p,0.0029182192
1068,hsa-miR-3687,0.0029175307
1069,hsa-miR-6823-5p,0.0029170513
1070,hsa-miR-4693-5p,0.0029169947
1071,hsa-miR-7845-5p,0.002916823
1072,hsa-miR-3151-3p,0.0029168138
1073,hsa-miR-6772-5p,0.0029162369
1074,hsa-miR-548as-5p,0.0029161852
1075,hsa-miR-875-3p,0.0029158385
1076,hsa-miR-504-5p,0.0029152269
1077,hsa-miR-4804-3p,0.0029145516
1078,hsa-miR-7152-5p,0.0029133675
1079,hsa-miR-7114-3p,0.002840732
1080,hsa-miR-98-5p,0.0028391192
1081,hsa-miR-4729,0.0028390116
1082,hsa-miR-6827-3p,0.0028384244
1083,hsa-miR-3130-5p,0.0028380598
1084,hsa-miR-105-5p,0.0028380516
1085,hsa-miR-184,0.002837508
1086,hsa-miR-6514-3p,0.0028371005
1087,hsa-miR-202-5p,0.0028370125
1088,hsa-miR-183-3p,0.0028367033
1089,hsa-miR-634,0.0028360246
1090,hsa-miR-6838-3p,0.0028359673
1091,hsa-miR-671-3p,0.0028358796
1092,hsa-miR-3622a-3p,0.0028357678
1093,hsa-miR-4662a-5p,0.0028353601
1094,hsa-miR-4643,0.002835026
1095,hsa-miR-500a-3p,0.0028348826
1096,hsa-miR-4786-5p,0.0028348234
1097,hsa-miR-429,0.0028347897
1098,hsa-miR-151a-5p,0.0028337387
1099,hsa-miR-769-3p,0.002833342
1100,hsa-miR-378b,0.0028333412
1101,hsa-miR-6514-5p,0.0028328807
1102,hsa-miR-548av-3p,0.0027597302
1103,hsa-miR-362-3p,0.0027579048
1104,hsa-miR-208b-5p,0.0027574187
1105,hsa-miR-6741-3p,0.002757106
1106,hsa-miR-324-3p,0.0027567486
1107,hsa-miR-326,0.0027555227
1108,hsa-miR-4707-5p,0.0027555048
1109,hsa-let-7f-5p,0.002755383
1110,hsa-miR-182-3p,0.0027552508
1111,hsa-miR-596,0.0027552224
1112,hsa-miR-6861-3p,0.0027548017
1113,hsa-miR-4695-3p,0.002754584
1114,hsa-miR-382-3p,0.0027540284
1115,hsa-miR-22-5p,0.0027534938
1116,hsa-miR-4720-3p,0.0027534356
1117,hsa-miR-507,0.0027527418
1118,hsa-miR-4482-3p,0.0027526207
1119,hsa-miR-6837-3p,0.0027521807
1120,hsa-miR-8084,0.0026772828
1121,hsa-miR-6793-3p,0.0026764565
1122,hsa-miR-142-3p,0.0026760336
1123,hsa-miR-579-5p,0.0026756234
1124,hsa-miR-934,0.0026754132
1125,hsa-miR-4292,0.002674779
1126,hsa-miR-524-3p,0.0026741559
1127,hsa-miR-4461,0.0026739617
1128,hsa-miR-3186-5p,0.002673829
1129,hsa-miR-323b-3p,0.0026737151
1130,hsa-miR-3605-5p,0.0026733726
1131,hsa-miR-4272,0.0026733628
1132,hsa-miR-139-5p,0.0026732422
1133,hsa-miR-4789-3p,0.0026729994
1134,hsa-miR-216b-5p,0.0026727126
1135,hsa-miR-4768-5p,0.0026721018
1136,hsa-miR-599,0.002671242
1137,hsa-miR-4303,0.0025954666
1138,hsa-miR-6737-5p,0.0025953476
1139,hsa-miR-4676-5p,0.0025950342
1140,hsa-miR-548q,0.0025947238
1141,hsa-miR-95-3p,0.0025946544
1142,hsa-miR-5186,0.002594645
1143,hsa-miR-4481,0.0025938537
1144,hsa-miR-3620-5p,0.0025938125
1145,hsa-miR-376a-3p,0.0025935974
1146,hsa-miR-759,0.0025933646
1147,hsa-miR-6894-3p,0.0025933136
1148,hsa-miR-656-5p,0.002593231
1149,hsa-miR-8081,0.0025923876
1150,hsa-miR-1255b-2-3p,0.0025921958
1151,hsa-miR-3168,0.0025920446
1152,hsa-miR-3665,0.002591974
1153,hsa-miR-449c-3p,0.0025914586
1154,hsa-miR-6873-5p,0.00259133
1155,hsa-miR-9-3p,0.0025911587
1156,hsa-miR-5584-5p,0.0025910765
1157,hsa-miR-3908,0.0025905166
1158,hsa-miR-1181,0.0025903196
1159,hsa-miR-2277-5p,0.00251581
1160,hsa-let-7f-2-3p,0.0025141996
1161,hsa-miR-3661,0.0025140918
1162,hsa-miR-4538,0.0025140555
1163,hsa-miR-340-3p,0.00251368
1164,hsa-miR-6799-3p,0.0025136766
1165,hsa-miR-5590-5p,0.0025136508
1166,hsa-miR-885-5p,0.0025135998
1167,hsa-miR-200b-5p,0.0025129342
1168,hsa-miR-8088,0.002512786
1169,hsa-miR-7855-5p,0.002512577
1170,hsa-miR-342-3p,0.0025125737
1171,hsa-miR-100-5p,0.002512472
1172,hsa-let-7f-1-3p,0.0025123686
1173,hsa-miR-329-3p,0.0025119996
1174,hsa-miR-1247-5p,0.0025119567
1175,hsa-miR-520h,0.0025117078
1176,hsa-miR-3657,0.0025116522
1177,hsa-miR-6851-3p,0.002511436
1178,hsa-miR-4694-5p,0.002511291
1179,hsa-miR-7111-3p,0.0025106855
1180,hsa-miR-539-5p,0.0025100282
1181,hsa-miR-105-3p,0.0025100051
1182,hsa-miR-604,0.0025095516
1183,hsa-miR-3190-3p,0.0024345834
1184,hsa-miR-6780b-3p,0.0024343827
1185,hsa-miR-325,0.0024327023
1186,hsa-miR-520c-3p,0.0024323256
1187,hsa-miR-374a-3p,0.0024320593
1188,hsa-miR-518f-5p,0.0024318886
1189,hsa-miR-3666,0.0024318714
1190,hsa-miR-6891-5p,0.0024315135
1191,hsa-miR-6867-3p,0.0024311591
1192,hsa-miR-5191,0.0024310965
1193,hsa-miR-365b-5p,0.0024309305
1194,hsa-miR-566,0.0024309268
1195,hsa-miR-29a-5p,0.0024307142
1196,hsa-miR-3165,0.0024306017
1197,hsa-miR-7843-5p,0.00243055
1198,hsa-miR-548aj-3p,0.0024302208
1199,hsa-miR-508-5p,0.0024302192
1200,hsa-miR-7850-5p,0.0024300064
1201,hsa-miR-6079,0.0024299393
1202,hsa-miR-3169,0.0024299147
1203,hsa-miR-3174,0.0024298844
1204,hsa-miR-33b-3p,0.0024298064
1205,hsa-miR-136-5p,0.002429462
1206,hsa-miR-584-5p,0.0024294122
1207,hsa-miR-3133,0.002429235
1208,hsa-miR-5087,0.0024285193
1209,hsa-miR-4799-5p,0.0023524878
1210,hsa-miR-580-3p,0.0023524072
1211,hsa-miR-1268a,0.0023519977
1212,hsa-miR-466,0.0023518684
1213,hsa-miR-4312,0.002350979
1214,hsa-miR-3622b-5p,0.0023507639
1215,hsa-miR-4640-5p,0.002350663
1216,hsa-miR-146b-5p,0.0023504808
1217,hsa-miR-6876-5p,0.0023502249
1218,hsa-miR-4676-3p,0.0023500882
1219,hsa-miR-3127-3p,0.0023500267
1220,hsa-miR-3197,0.0023497448
1221,hsa-miR-6812-3p,0.0023496817
1222,hsa-miR-590-3p,0.002349538
1223,hsa-miR-6804-3p,0.0023493655
1224,hsa-miR-668-3p,0.002349276
1225,hsa-miR-6811-5p,0.0023487273
1226,hsa-miR-133a-5p,0.0023487094
1227,hsa-miR-551a,0.0023484505
1228,hsa-miR-92a-1-5p,0.0023481196
1229,hsa-miR-6826-3p,0.0023478842
1230,hsa-miR-3607-5p,0.0023471683
1231,hsa-miR-4632-3p,0.002346639
1232,hsa-miR-3123,0.002346435
1233,hsa-miR-3650,0.0022720136
1234,hsa-miR-6813-3p,0.002271628
1235,hsa-miR-372-5p,0.0022715102
1236,hsa-miR-143-3p,0.0022707859
1237,hsa-miR-1226-3p,0.0022705179
1238,hsa-miR-559,0.0022704492
1239,hsa-miR-106a-5p,0.0022702478
1240,hsa-miR-203a-3p,0.002269969
1241,hsa-miR-4451,0.0022699367
1242,hsa-miR-455-5p,0.0022696482
1243,hsa-miR-4749-3p,0.0022694075
1244,hsa-miR-6857-3p,0.0022692853
1245,hsa-miR-4262,0.0022692527
1246,hsa-miR-4252,0.002269183
1247,hsa-miR-6866-3p,0.0022690813
1248,hsa-miR-520a-3p,0.0022690776
1249,hsa-miR-6808-5p,0.002268984
1250,hsa-miR-4770,0.002268899
1251,hsa-miR-4304,0.0022688594
1252,hsa-miR-5691,0.002268762
1253,hsa-miR-4290,0.0022687167
1254,hsa-miR-6863,0.0022686524
1255,hsa-miR-513b-3p,0.0022683784
1256,hsa-miR-6764-5p,0.0022683358
1257,hsa-miR-595,0.0022680801
1258,hsa-miR-3656,0.0022679088
1259,hsa-miR-499a-5p,0.0022677735
1260,hsa-miR-345-5p,0.0022674082
1261,hsa-miR-6876-3p,0.002266972
1262,hsa-miR-6126,0.0022661176
1263,hsa-miR-6506-3p,0.0022656203
1264,hsa-miR-302f,0.0021928407
1265,hsa-miR-6871-3p,0.0021913943
1266,hsa-miR-4670-3p,0.0021913692
1267,hsa-miR-376b-5p,0.0021897159
1268,hsa-miR-3065-5p,0.0021893983
1269,hsa-miR-150-5p,0.0021892057
1270,hsa-miR-3166,0.0021891773
1271,hsa-miR-7848-3p,0.002189101
1272,hsa-miR-128-1-5p,0.002189052
1273,hsa-miR-155-5p,0.0021889387
1274,hsa-miR-5002-3p,0.0021889051
1275,hsa-miR-5571-5p,0.0021888553
1276,hsa-miR-4741,0.0021884602
1277,hsa-miR-1296-3p,0.0021882523
1278,hsa-miR-202-3p,0.002187637
1279,hsa-miR-4308,0.002187427
1280,hsa-miR-5693,0.002187382
1281,hsa-miR-146a-3p,0.0021871682
1282,hsa-miR-18b-5p,0.0021869803
1283,hsa-miR-4793-5p,0.002186906
1284,hsa-miR-3126-3p,0.0021868178
1285,hsa-miR-888-5p,0.0021867019
1286,hsa-miR-4419a,0.002186669
1287,hsa-miR-939-3p,0.0021865107
1288,hsa-miR-194-5p,0.002186375
1289,hsa-miR-3911,0.0021861808
1290,hsa-miR-196a-3p,0.0021858301
1291,hsa-miR-554,0.0021853724
1292,hsa-miR-6889-5p,0.0021853389
1293,hsa-miR-6754-3p,0.0021853067
1294,hsa-miR-6760-3p,0.002185219
1295,hsa-miR-122-3p,0.0021850427
1296,hsa-miR-6750-3p,0.0021086538
1297,hsa-miR-7843-3p,0.0021084729
1298,hsa-miR-6771-3p,0.0021083558
1299,hsa-miR-3667-3p,0.0021082712
1300,hsa-miR-6730-3p,0.002108118
1301,hsa-miR-200b-3p,0.0021080747
1302,"hsa-miR-516b-3p, hsa-miR-516a-3p",0.002107998
1303,hsa-miR-6817-3p,0.0021078365
1304,hsa-miR-367-3p,0.0021077746
1305,hsa-miR-6089,0.0021074046
1306,hsa-miR-323a-3p,0.002107402
1307,hsa-miR-4426,0.0021073893
1308,hsa-miR-3692-3p,0.0021067092
1309,hsa-miR-5189-3p,0.0021064854
1310,hsa-miR-627-5p,0.0021062403
1311,hsa-miR-4650-5p,0.002106112
1312,hsa-miR-4756-3p,0.002106071
1313,hsa-miR-4464,0.0021060482
1314,hsa-miR-188-3p,0.0021058626
1315,hsa-miR-8057,0.002105835
1316,hsa-miR-25-5p,0.0021055737
1317,"hsa-miR-548g-5p, hsa-miR-548x-5p, hsa-miR-548aj-5p",0.0021052894
1318,hsa-miR-2276-3p,0.0021049203
1319,hsa-miR-5703,0.0021048207
1320,hsa-miR-410-5p,0.0021044964
1321,hsa-miR-6758-5p,0.002103896
1322,hsa-miR-3927-5p,0.0020305458
1323,hsa-miR-4793-3p,0.0020298734
1324,hsa-miR-765,0.0020290038
1325,hsa-miR-548p,0.002028575
1326,hsa-miR-3126-5p,0.0020284115
1327,hsa-miR-1909-5p,0.002028259
1328,hsa-miR-4531,0.0020280443
1329,hsa-miR-593-5p,0.002027947
1330,hsa-miR-8061,0.0020278974
1331,hsa-miR-1291,0.0020278275
1332,hsa-miR-3161,0.0020277298
1333,hsa-miR-519d-3p,0.002027438
1334,hsa-miR-4764-3p,0.0020272573
1335,hsa-miR-5692a,0.002027212
1336,hsa-miR-3146,0.00202716
1337,hsa-miR-3176,0.0020271249
1338,hsa-miR-512-3p,0.002026833
1339,hsa-miR-1303,0.0020267407
1340,"hsa-miR-3689b-3p, hsa-miR-3689c",0.0020267405
1341,hsa-miR-5699-3p,0.0020264534
1342,hsa-miR-1289,0.002025931
1343,hsa-miR-4539,0.002025871
1344,hsa-miR-32-3p,0.002025757
1345,hsa-miR-600,0.0020253975
1346,hsa-miR-548a-5p,0.0020253223
1347,hsa-miR-1255b-5p,0.0020250112
1348,hsa-miR-659-3p,0.0020248007
1349,hsa-miR-148b-3p,0.0020246585
1350,hsa-miR-1205,0.0020245905
1351,hsa-miR-15b-5p,0.0020244906
1352,hsa-miR-6855-5p,0.002024399
1353,hsa-miR-935,0.0020243223
1354,hsa-miR-433-5p,0.0020241996
1355,hsa-miR-3921,0.0020240028
1356,hsa-miR-708-5p,0.0020237167
1357,hsa-miR-645,0.00202366
1358,hsa-miR-514a-3p,0.002023552
1359,hsa-miR-3189-3p,0.0020225095
1360,hsa-miR-4488,0.001947584
1361,hsa-miR-3065-3p,0.0019466811
1362,hsa-miR-6747-3p,0.0019466255
1363,hsa-miR-219a-5p,0.0019464996
1364,hsa-miR-379-5p,0.001946238
1365,hsa-miR-609,0.0019458497
1366,hsa-miR-3684,0.0019456965
1367,hsa-miR-4256,0.0019453125
1368,hsa-miR-181a-5p,0.0019450344
1369,hsa-miR-1273a,0.0019449036
1370,hsa-miR-139-3p,0.0019449024
1371,hsa-miR-1295a,0.001944772
1372,hsa-miR-4772-3p,0.0019447443
1373,hsa-miR-548h-5p,0.001944676
1374,hsa-miR-5091,0.0019446319
1375,hsa-miR-4463,0.0019445734
1376,hsa-miR-501-5p,0.0019444743
1377,hsa-miR-4436b-3p,0.0019442306
1378,hsa-miR-3173-5p,0.001944127
1379,hsa-miR-6780a-5p,0.0019440765
1380,hsa-miR-4514,0.0019440564
1381,hsa-miR-1229-3p,0.0019440358
1382,hsa-miR-152-3p,0.001943735
1383,hsa-miR-3591-5p,0.0019437147
1384,hsa-miR-3180-3p,0.0019433108
1385,hsa-miR-1273c,0.001943004
1386,hsa-miR-4494,0.0019429517
1387,hsa-miR-6814-5p,0.0019429156
1388,hsa-miR-1272,0.0019427459
1389,hsa-miR-4422,0.0019416413
1390,hsa-miR-4714-5p,0.0018664919
1391,hsa-miR-8053,0.0018662406
1392,hsa-miR-548w,0.0018657534
1393,hsa-miR-3680-5p,0.0018656723
1394,hsa-miR-548au-5p,0.0018656463
1395,hsa-miR-576-3p,0.0018654042
1396,hsa-miR-4300,0.0018653863
1397,hsa-let-7d-3p,0.0018652151
1398,hsa-miR-6752-3p,0.0018651221
1399,hsa-miR-5591-3p,0.001865108
1400,hsa-miR-6815-3p,0.0018650205
1401,hsa-miR-502-5p,0.0018649478
1402,hsa-miR-8085,0.0018648838
1403,hsa-miR-518c-3p,0.0018647047
1404,hsa-miR-4524a-3p,0.0018646003
1405,hsa-miR-6738-3p,0.0018645294
1406,hsa-miR-6508-5p,0.0018644228
1407,hsa-miR-548ac,0.0018643612
1408,hsa-miR-4684-5p,0.00186406
1409,hsa-miR-1271-5p,0.0018639528
1410,hsa-miR-887-5p,0.0018638691
1411,hsa-miR-301b-5p,0.001863833
1412,hsa-miR-6738-5p,0.0018638142
1413,hsa-miR-6893-3p,0.0018637571
1414,hsa-miR-4712-5p,0.0018637493
1415,hsa-miR-3606-3p,0.0018636143
1416,hsa-miR-181d-3p,0.0018635325
1417,hsa-miR-8065,0.001863483
1418,hsa-miR-378a-5p,0.0018634559
1419,hsa-miR-155-3p,0.0018633635
1420,hsa-miR-4719,0.0018632967
1421,hsa-miR-644a,0.0018632697
1422,hsa-miR-3940-3p,0.0018631252
1423,hsa-miR-4421,0.0018629087
1424,hsa-miR-3173-3p,0.0018628751
1425,hsa-miR-1286,0.001862583
1426,hsa-miR-149-5p,0.0018625038
1427,hsa-miR-4666b,0.0018623923
1428,hsa-miR-3120-5p,0.0018623894
1429,hsa-miR-5708,0.0018623397
1430,hsa-miR-6800-3p,0.00186215
1431,hsa-miR-6503-5p,0.0018618238
1432,hsa-miR-873-5p,0.0018616539
1433,hsa-miR-7978,0.0018613609
1434,hsa-miR-6882-5p,0.0018612063
1435,hsa-miR-7704,0.0018610308
1436,hsa-miR-6505-3p,0.0018608582
1437,hsa-miR-520d-5p,0.0017856046
1438,hsa-miR-4491,0.0017855958
1439,hsa-miR-876-3p,0.0017855351
1440,hsa-miR-548ar-3p,0.0017849008
1441,hsa-miR-510-3p,0.0017847986
1442,hsa-miR-6892-3p,0.0017847802
1443,hsa-miR-567,0.0017845781
1444,hsa-miR-205-3p,0.001784551
1445,hsa-miR-4644,0.0017842097
1446,hsa-miR-4445-5p,0.0017838646
1447,hsa-miR-3188,0.0017838205
1448,hsa-miR-643,0.0017836775
1449,hsa-miR-508-3p,0.0017834512
1450,hsa-miR-6771-5p,0.0017834353
1451,hsa-miR-3614-5p,0.0017828927
1452,hsa-miR-132-5p,0.0017828752
1453,hsa-miR-1178-3p,0.0017828344
1454,hsa-miR-3129-3p,0.0017828096
1455,hsa-miR-4323,0.0017826374
1456,hsa-miR-4790-3p,0.0017825708
1457,hsa-miR-510-5p,0.0017825279
1458,hsa-miR-3914,0.0017822182
1459,hsa-miR-8068,0.0017820557
1460,hsa-miR-6721-5p,0.0017818828
1461,hsa-miR-4784,0.0017818653
1462,hsa-miR-4668-3p,0.0017817576
1463,hsa-miR-5571-3p,0.0017816827
1464,hsa-miR-938,0.0017812673
1465,hsa-miR-4755-5p,0.0017810555
1466,hsa-miR-4776-5p,0.0017809969
1467,hsa-miR-4500,0.0017805819
1468,hsa-miR-5196-5p,0.0017803881
1469,hsa-miR-5008-3p,0.0017800126
1470,hsa-miR-3125,0.0017055612
1471,hsa-miR-5699-5p,0.0017045026
1472,hsa-miR-450a-1-3p,0.0017036786
1473,hsa-miR-4749-5p,0.0017035782
1474,hsa-miR-548at-3p,0.0017033821
1475,hsa-miR-6740-3p,0.0017032915
1476,hsa-miR-548ad-3p,0.0017023608
1477,hsa-miR-4499,0.0017022484
1478,hsa-miR-6727-5p,0.0017021876
1479,hsa-miR-1277-5p,0.0017021355
1480,hsa-miR-6797-5p,0.0017021056
1481,hsa-miR-548at-5p,0.0017020717
1482,hsa-miR-6078,0.0017019508
1483,hsa-miR-6782-3p,0.0017018475
1484,hsa-miR-6886-3p,0.0017017871
1485,hsa-miR-3919,0.0017017617
1486,hsa-miR-653-5p,0.0017017053
1487,hsa-miR-499b-3p,0.0017014735
1488,hsa-miR-5193,0.0017014672
1489,hsa-miR-500b-3p,0.0017012516
1490,hsa-miR-3183,0.0017012457
1491,hsa-miR-591,0.0017011543
1492,hsa-miR-6735-5p,0.0017010053
1493,hsa-miR-3714,0.0017009672
1494,hsa-miR-1207-3p,0.0017009625
1495,hsa-miR-7112-5p,0.0017008829
1496,hsa-miR-4735-3p,0.001700608
1497,hsa-miR-589-3p,0.0017004275
1498,hsa-miR-148a-5p,0.0017003857
1499,hsa-miR-543,0.0017003677
1500,hsa-miR-1912,0.0017002596
1501,hsa-miR-6875-3p,0.0017001287
1502,hsa-miR-548a-3p,0.001700107
1503,hsa-miR-30c-2-3p,0.0016999583
1504,hsa-miR-6802-3p,0.0016238842
1505,hsa-miR-101-3p,0.0016236986
1506,hsa-miR-764,0.0016234494
1507,hsa-miR-6806-3p,0.0016232947
1508,hsa-miR-892c-3p,0.0016228791
1509,hsa-miR-541-3p,0.0016226739
1510,hsa-miR-376a-2-5p,0.0016225338
1511,hsa-miR-6715a-3p,0.0016223269
1512,hsa-miR-1258,0.0016221448
1513,hsa-miR-4536-3p,0.0016220147
1514,hsa-miR-6859-3p,0.0016219062
1515,hsa-miR-6823-3p,0.0016217902
1516,hsa-miR-30a-5p,0.0016217529
1517,hsa-miR-29a-3p,0.0016217425
1518,hsa-miR-4282,0.0016215175
1519,hsa-miR-6777-3p,0.0016213871
1520,hsa-miR-19b-2-5p,0.0016213441
1521,hsa-miR-548l,0.0016212979
1522,hsa-miR-299-3p,0.0016212759
1523,hsa-miR-4779,0.0016211693
1524,hsa-miR-6830-3p,0.0016211311
1525,hsa-miR-383-3p,0.001620921
1526,hsa-miR-218-1-3p,0.0016208489
1527,hsa-miR-605-3p,0.0016208217
1528,hsa-miR-509-5p,0.0016207378
1529,hsa-miR-6723-5p,0.0016207347
1530,hsa-miR-6739-5p,0.0016206007
1531,hsa-miR-6501-5p,0.0016205965
1532,hsa-miR-552-3p,0.0016205858
1533,hsa-miR-6086,0.0016204934
1534,hsa-miR-6753-3p,0.0016202495
1535,hsa-miR-6840-5p,0.0016202102
1536,hsa-miR-448,0.0016200137
1537,hsa-miR-3613-5p,0.00161999
1538,hsa-miR-218-5p,0.0016198414
1539,hsa-miR-10b-3p,0.0016194731
1540,hsa-miR-7706,0.0016194159
1541,hsa-miR-1537-3p,0.0016192964
1542,hsa-miR-4762-5p,0.0016192364
1543,hsa-miR-330-3p,0.0016191285
1544,hsa-miR-8067,0.0016189753
1545,hsa-miR-548ao-3p,0.0016189337
1546,hsa-miR-3619-5p,0.0016189294
1547,hsa-miR-579-3p,0.0016182332
1548,hsa-miR-4775,0.0016181865
1549,hsa-miR-5587-3p,0.001542573
1550,hsa-miR-3200-5p,0.0015424702
1551,hsa-miR-4316,0.0015423301
1552,hsa-miR-3972,0.0015419049
1553,hsa-miR-892a,0.0015418569
1554,hsa-miR-410-3p,0.0015418513
1555,hsa-miR-4266,0.0015415028
1556,hsa-miR-4670-5p,0.0015411141
1557,hsa-miR-544a,0.001540853
1558,hsa-miR-7109-3p,0.0015405416
1559,hsa-miR-548t-5p,0.0015404056
1560,hsa-miR-573,0.0015401032
1561,hsa-miR-4457,0.0015400508
1562,hsa-miR-7160-5p,0.001539874
1563,hsa-miR-130b-5p,0.0015397805
1564,hsa-miR-522-3p,0.001539738
1565,hsa-miR-5192,0.001539725
1566,hsa-miR-598-5p,0.001539662
1567,hsa-miR-548v,0.0015393585
1568,hsa-miR-6507-3p,0.0015393131
1569,hsa-miR-340-5p,0.0015393037
1570,hsa-miR-4438,0.0015392996
1571,hsa-miR-558,0.0015392298
1572,hsa-miR-585-3p,0.0015391943
1573,hsa-miR-6832-5p,0.0015391576
1574,hsa-miR-4787-5p,0.0015390072
1575,hsa-miR-4522,0.0015389604
1576,hsa-miR-606,0.0015389277
1577,hsa-miR-4743-3p,0.001538875
1578,hsa-miR-6835-3p,0.0015385791
1579,hsa-miR-6749-5p,0.0015383287
1580,hsa-miR-3653-5p,0.0015383087
1581,hsa-miR-4297,0.0015382252
1582,hsa-miR-654-3p,0.0015375946
1583,hsa-miR-648,0.0015369966
1584,hsa-miR-34c-5p,0.0014642077
1585,hsa-miR-3189-5p,0.0014609884
1586,hsa-miR-598-3p,0.0014609528
1587,hsa-miR-187-3p,0.0014604462
1588,hsa-miR-7853-5p,0.0014603268
1589,hsa-miR-874-5p,0.0014603122
1590,hsa-miR-4701-5p,0.0014601988
1591,hsa-miR-548al,0.0014600201
1592,hsa-miR-3118,0.0014599364
1593,hsa-miR-6082,0.0014599048
1594,hsa-miR-561-3p,0.0014596491
1595,hsa-miR-487b-5p,0.0014596486
1596,hsa-miR-7974,0.0014595382
1597,hsa-miR-148b-5p,0.00145951
1598,hsa-miR-219a-2-3p,0.001459443
1599,hsa-miR-4777-5p,0.0014594377
1600,hsa-miR-3909,0.0014592543
1601,hsa-miR-369-3p,0.0014592509
1602,hsa-miR-506-3p,0.0014591082
1603,hsa-miR-4797-3p,0.0014590331
1604,hsa-miR-153-5p,0.001458833
1605,hsa-miR-18a-3p,0.0014586943
1606,hsa-miR-1296-5p,0.0014586791
1607,hsa-miR-6847-3p,0.0014586302
1608,hsa-miR-34a-3p,0.0014586214
1609,hsa-miR-143-5p,0.00145861
1610,hsa-miR-6842-3p,0.0014585662
1611,"hsa-miR-517a-3p, hsa-miR-517b-3p",0.001458407
1612,hsa-miR-6801-5p,0.0014583967
1613,hsa-miR-520e,0.0014583056
1614,hsa-miR-520g-3p,0.0014582425
1615,hsa-miR-6128,0.0014582153
1616,hsa-miR-4761-3p,0.0014581047
1617,hsa-miR-6873-3p,0.0014579227
1618,hsa-miR-5707,0.0014579158
1619,hsa-miR-3942-3p,0.0014578187
1620,hsa-miR-6756-3p,0.0014577741
1621,hsa-miR-767-3p,0.0014577318
1622,hsa-miR-4328,0.0014576508
1623,hsa-miR-5187-5p,0.0014576073
1624,hsa-miR-548ap-3p,0.0014575742
1625,hsa-miR-491-3p,0.0014574851
1626,hsa-miR-4536-5p,0.0014574826
1627,hsa-miR-633,0.0014573323
1628,hsa-miR-30b-3p,0.0014572269
1629,hsa-miR-3171,0.0014571516
1630,hsa-miR-8074,0.0014569617
1631,hsa-miR-6833-3p,0.001381696
1632,hsa-miR-337-5p,0.0013795078
1633,hsa-miR-493-3p,0.0013794081
1634,hsa-miR-323b-5p,0.0013791213
1635,hsa-miR-4521,0.0013790204
1636,hsa-miR-7156-5p,0.0013789431
1637,hsa-miR-216a-5p,0.0013787518
1638,hsa-miR-299-5p,0.0013786401
1639,hsa-miR-181d-5p,0.0013784458
1640,hsa-miR-424-5p,0.0013784105
1641,hsa-miR-7156-3p,0.0013780551
1642,hsa-miR-1270,0.0013780148
1643,hsa-miR-4473,0.0013778683
1644,hsa-miR-4667-3p,0.0013778306
1645,hsa-miR-10b-5p,0.0013777766
1646,hsa-miR-548az-5p,0.0013777636
1647,hsa-miR-8080,0.00137774
1648,hsa-miR-548ay-3p,0.0013777347
1649,hsa-miR-186-5p,0.0013775186
1650,hsa-miR-891b,0.001377485
1651,hsa-miR-4717-5p,0.0013774607
1652,hsa-miR-2682-3p,0.0013773268
1653,hsa-miR-548d-5p,0.0013772651
1654,hsa-miR-181c-5p,0.0013772572
1655,hsa-miR-6838-5p,0.0013770793
1656,hsa-miR-3973,0.001377078
1657,hsa-miR-4659b-3p,0.0013770352
1658,hsa-miR-6803-5p,0.0013770304
1659,hsa-miR-6499-5p,0.0013769977
1660,hsa-miR-363-5p,0.001376898
1661,hsa-miR-2681-5p,0.0013768601
1662,hsa-miR-6804-5p,0.0013766557
1663,hsa-miR-129-5p,0.0013766302
1664,hsa-miR-4760-3p,0.0013757051
1665,hsa-miR-6813-5p,0.0013748583
1666,hsa-miR-892c-5p,0.001299397
1667,hsa-miR-221-5p,0.0012991609
1668,hsa-miR-4524b-3p,0.0012990923
1669,hsa-miR-371a-3p,0.0012986034
1670,hsa-miR-6720-3p,0.0012984611
1671,hsa-miR-380-5p,0.0012983704
1672,hsa-miR-4296,0.001298303
1673,hsa-miR-16-1-3p,0.0012981937
1674,hsa-miR-4649-3p,0.0012980876
1675,hsa-miR-106b-5p,0.0012977005
1676,hsa-miR-2467-5p,0.0012976875
1677,hsa-miR-331-5p,0.0012974895
1678,hsa-miR-4753-5p,0.0012974141
1679,hsa-miR-1238-3p,0.0012973943
1680,hsa-miR-1324,0.0012972937
1681,hsa-miR-553,0.0012972465
1682,hsa-miR-4302,0.0012971775
1683,hsa-miR-1282,0.0012970808
1684,hsa-miR-1305,0.0012970793
1685,hsa-miR-6887-3p,0.0012970663
1686,hsa-miR-3145-3p,0.001296894
1687,hsa-miR-4765,0.0012967384
1688,hsa-miR-4523,0.0012966956
1689,hsa-miR-4321,0.0012966937
1690,hsa-miR-5787,0.001296648
1691,hsa-miR-25-3p,0.0012966294
1692,hsa-miR-3167,0.001296596
1693,hsa-miR-589-5p,0.001296579
1694,hsa-miR-103b,0.001296554
1695,hsa-miR-7162-5p,0.0012965206
1696,hsa-miR-608,0.0012964658
1697,hsa-miR-1262,0.0012964384
1698,hsa-miR-2682-5p,0.0012964089
1699,hsa-miR-6773-3p,0.0012962847
1700,hsa-miR-186-3p,0.0012962457
1701,hsa-miR-6829-5p,0.0012962146
1702,hsa-miR-6881-5p,0.0012962131
1703,hsa-miR-7113-5p,0.0012960912
1704,hsa-miR-485-3p,0.0012960732
1705,hsa-miR-7976,0.0012957925
1706,hsa-miR-4469,0.001295735
1707,hsa-miR-4511,0.0012957089
1708,hsa-miR-519a-3p,0.0012956512
1709,hsa-miR-1972,0.0012956233
1710,hsa-miR-145-3p,0.0012954819
1711,hsa-miR-517c-3p,0.0012954732
1712,hsa-miR-4278,0.0012954334
1713,hsa-miR-4301,0.001295338
1714,hsa-miR-190a-5p,0.0012953068
1715,hsa-miR-23c,0.0012953014
1716,hsa-miR-1266-3p,0.0012952947
1717,hsa-miR-4709-5p,0.0012952099
1718,hsa-miR-16-2-3p,0.0012951831
1719,hsa-miR-3939,0.0012951626
1720,hsa-miR-4318,0.001295014
1721,hsa-miR-4799-3p,0.0012187626
1722,hsa-miR-5589-3p,0.0012179087
1723,hsa-miR-514b-3p,0.0012178385
1724,hsa-miR-4680-3p,0.0012176195
1725,hsa-miR-376a-5p,0.0012171165
1726,hsa-miR-6841-5p,0.0012169252
1727,hsa-miR-6511b-3p,0.0012167923
1728,hsa-miR-488-5p,0.0012166458
1729,hsa-miR-4307,0.0012165441
1730,hsa-miR-1199-3p,0.0012164218
1731,hsa-miR-7158-3p,0.0012163091
1732,hsa-miR-4654,0.0012161129
1733,hsa-miR-548aq-3p,0.0012160953
1734,hsa-miR-4767,0.0012159453
1735,hsa-miR-922,0.0012158814
1736,hsa-miR-3915,0.001215767
1737,hsa-miR-542-5p,0.0012154783
1738,hsa-miR-6836-5p,0.0012154761
1739,hsa-miR-621,0.0012154108
1740,hsa-miR-6810-3p,0.0012153666
1741,hsa-miR-651-3p,0.0012152707
1742,hsa-miR-4474-5p,0.0012151761
1743,hsa-miR-6718-5p,0.0012151581
1744,hsa-miR-6776-3p,0.001215138
1745,hsa-miR-1180-5p,0.0012150565
1746,hsa-miR-6862-5p,0.0012150076
1747,hsa-miR-374c-5p,0.0012149877
1748,hsa-miR-34a-5p,0.0012149783
1749,hsa-miR-6085,0.0012149411
1750,hsa-miR-3617-3p,0.0012148963
1751,hsa-miR-548bb-5p,0.0012147923
1752,hsa-miR-6500-3p,0.0012147909
1753,hsa-miR-4309,0.0012146777
1754,hsa-miR-4284,0.001214573
1755,hsa-miR-4661-5p,0.0012145253
1756,hsa-miR-519e-3p,0.0012142046
1757,hsa-miR-4686,0.0012141324
1758,hsa-miR-381-3p,0.0012138255
1759,hsa-miR-3662,0.0012137832
1760,hsa-miR-24-2-5p,0.0011374298
1761,hsa-miR-3158-3p,0.0011371933
1762,hsa-miR-6781-3p,0.0011363901
1763,hsa-miR-4540,0.0011362098
1764,hsa-miR-6851-5p,0.0011361801
1765,hsa-miR-1278,0.0011358619
1766,hsa-miR-503-3p,0.0011358439
1767,hsa-miR-3164,0.0011357821
1768,hsa-miR-3668,0.00113553
1769,hsa-miR-4732-3p,0.0011353719
1770,hsa-miR-578,0.0011352892
1771,hsa-miR-6843-3p,0.0011352826
1772,hsa-miR-6735-3p,0.0011352065
1773,hsa-miR-505-5p,0.0011351404
1774,hsa-miR-149-3p,0.0011350962
1775,hsa-miR-5006-3p,0.0011350313
1776,hsa-miR-4713-5p,0.0011346575
1777,hsa-miR-513a-3p,0.0011345672
1778,hsa-miR-6867-5p,0.001134537
1779,hsa-miR-3612,0.0011345166
1780,hsa-miR-4712-3p,0.0011344074
1781,hsa-miR-581,0.0011343947
1782,hsa-miR-3529-3p,0.0011343602
1783,hsa-miR-770-5p,0.0011343008
1784,hsa-miR-657,0.0011342966
1785,hsa-miR-200a-3p,0.001134214
1786,hsa-miR-6792-3p,0.0011339884
1787,hsa-miR-1263,0.0011339558
1788,hsa-miR-6767-5p,0.0011338788
1789,hsa-miR-7106-5p,0.0011337597
1790,hsa-miR-6757-3p,0.0011336345
1791,hsa-miR-592,0.0011334838
1792,hsa-miR-8078,0.0011334787
1793,hsa-miR-3144-5p,0.0011334546
1794,hsa-miR-6821-3p,0.0011326821
1795,hsa-miR-548u,0.0011323543
1796,hsa-miR-1273d,0.0010566508
1797,hsa-miR-5588-5p,0.0010563106
1798,hsa-miR-1257,0.0010560349
1799,hsa-miR-99b-3p,0.0010557731
1800,hsa-miR-520b,0.0010556001
1801,hsa-miR-7158-5p,0.0010555551
1802,hsa-miR-520f-3p,0.0010552411
1803,hsa-miR-142-5p,0.0010549776
1804,hsa-miR-4427,0.0010549477
1805,hsa-miR-374b-3p,0.0010548478
1806,hsa-miR-450a-5p,0.0010547908
1807,hsa-miR-7161-5p,0.0010546803
1808,hsa-miR-563,0.0010546765
1809,hsa-miR-4680-5p,0.0010546657
1810,hsa-miR-4696,0.0010546157
1811,hsa-miR-545-5p,0.0010545041
1812,hsa-miR-129-2-3p,0.0010544688
1813,hsa-miR-3117-5p,0.0010544404
1814,hsa-miR-4798-5p,0.0010542216
1815,hsa-miR-4273,0.0010541924
1816,hsa-miR-4503,0.0010541811
1817,hsa-miR-3936,0.0010541303
1818,hsa-miR-7154-5p,0.001054
1819,hsa-miR-611,0.0010539389
1820,hsa-miR-6781-5p,0.0010539057
1821,hsa-miR-6856-3p,0.0010538928
1822,hsa-miR-2117,0.0010537641
1823,hsa-miR-6784-3p,0.0010537232
1824,hsa-miR-6778-3p,0.0010537133
1825,hsa-miR-4458,0.0010536471
1826,hsa-miR-3935,0.0010536432
1827,hsa-miR-4277,0.0010536227
1828,hsa-miR-379-3p,0.0010536166
1829,hsa-miR-4479,0.0010533538
1830,hsa-miR-8077,0.0010533185
1831,hsa-miR-802,0.0010532787
1832,hsa-miR-6886-5p,0.001053276
1833,hsa-miR-450b-5p,0.0010532516
1834,hsa-miR-4709-3p,0.0010532291
1835,hsa-miR-1252-3p,0.001053148
1836,hsa-miR-3152-3p,0.001053147
1837,hsa-miR-6787-3p,0.0010531354
1838,hsa-miR-3924,0.0010530883
1839,hsa-miR-548ag,0.0010530618
1840,hsa-miR-6828-5p,0.0010530181
1841,hsa-miR-548x-3p,0.0010528996
1842,hsa-miR-6847-5p,0.0010528864
1843,hsa-miR-1245b-5p,0.0010528795
1844,hsa-miR-6733-5p,0.0010528674
1845,hsa-miR-6502-5p,0.0010528399
1846,hsa-miR-6129,0.0010528375
1847,hsa-miR-6833-5p,0.0010528194
1848,hsa-miR-3618,0.0010527878
1849,hsa-miR-4659a-5p,0.001052778
1850,hsa-miR-147a,0.001052631
1851,hsa-miR-4761-5p,0.0010525752
1852,hsa-miR-218-2-3p,0.0010525306
1853,hsa-miR-3139,0.0010525099
1854,hsa-miR-1911-3p,0.0010524206
1855,hsa-miR-2276-5p,0.0010523668
1856,hsa-miR-203b-5p,0.0010523024
1857,hsa-miR-4285,0.0010522867
1858,hsa-miR-5588-3p,0.0010522084
1859,hsa-miR-4659b-5p,0.0010518229
1860,hsa-miR-4520-3p,0.0010516238
1861,hsa-miR-4645-3p,0.0010513356
1862,hsa-miR-1468-3p,0.00097474497
1863,hsa-miR-323a-5p,0.0009745003
1864,hsa-miR-1-3p,0.0009742724
1865,hsa-miR-620,0.0009739631
1866,hsa-miR-432-5p,0.0009738545
1867,hsa-miR-3150b-3p,0.00097369973
1868,hsa-miR-5089-5p,0.00097361556
1869,hsa-miR-4677-5p,0.000973574
1870,hsa-miR-4699-3p,0.00097355363
1871,hsa-miR-503-5p,0.00097352965
1872,hsa-miR-4659a-3p,0.0009735121
1873,hsa-miR-6786-3p,0.0009734425
1874,hsa-miR-4785,0.0009734394
1875,hsa-miR-1244,0.0009734126
1876,hsa-miR-3690,0.0009734094
1877,hsa-miR-4717-3p,0.0009734063
1878,hsa-miR-548ab,0.00097339763
1879,hsa-miR-1538,0.0009733056
1880,hsa-miR-6848-3p,0.0009732869
1881,hsa-miR-183-5p,0.00097320974
1882,hsa-miR-297,0.0009731663
1883,hsa-miR-7155-3p,0.0009729768
1884,hsa-miR-4482-5p,0.0009729456
1885,hsa-miR-582-3p,0.0009727257
1886,hsa-miR-5584-3p,0.00097269635
1887,hsa-miR-5194,0.0009726806
1888,hsa-miR-206,0.00097265944
1889,hsa-miR-370-5p,0.0009725832
1890,hsa-miR-216b-3p,0.00097256876
1891,hsa-miR-6512-3p,0.0009725569
1892,hsa-miR-154-5p,0.00097252167
1893,hsa-miR-548ak,0.0009723351
1894,"hsa-miR-548c-5p, hsa-miR-548o-5p, hsa-miR-548am-5p",0.00097233005
1895,hsa-miR-4748,0.00097232935
1896,hsa-miR-548av-5p,0.0009723139
1897,hsa-miR-1264,0.0009722633
1898,hsa-miR-5000-3p,0.00097224093
1899,hsa-miR-2114-3p,0.000972238
1900,hsa-miR-523-3p,0.00097216066
1901,hsa-miR-181b-5p,0.0009720504
1902,hsa-miR-135b-3p,0.0009719991
1903,hsa-miR-3945,0.00097199145
1904,hsa-miR-2909,0.00097196474
1905,hsa-miR-6507-5p,0.00097187393
1906,hsa-miR-758-3p,0.0009718136
1907,hsa-miR-4720-5p,0.00097171834
1908,hsa-miR-335-3p,0.0009717159
1909,hsa-miR-3163,0.00097171037
1910,hsa-miR-4802-3p,0.0009716731
1911,hsa-miR-3613-3p,0.00097161165
1912,hsa-miR-500b-5p,0.0009715681
1913,hsa-miR-6807-3p,0.0009714964
1914,hsa-miR-1297,0.0009714001
1915,hsa-miR-5583-5p,0.00097134936
1916,hsa-miR-6084,0.00097128825
1917,hsa-miR-3674,0.0009712687
1918,hsa-miR-96-3p,0.0009710684
1919,hsa-miR-943,0.0009708967
1920,hsa-miR-601,0.0009707915
1921,hsa-miR-555,0.00097071746
1922,hsa-miR-3159,0.0008931664
1923,hsa-miR-1827,0.00089310744
1924,hsa-miR-6764-3p,0.00089299557
1925,hsa-miR-6868-5p,0.0008929283
1926,hsa-miR-4269,0.0008928856
1927,hsa-miR-5688,0.00089247926
1928,hsa-miR-5197-5p,0.0008924718
1929,hsa-miR-6888-3p,0.0008924177
1930,hsa-miR-1197,0.0008923608
1931,hsa-miR-3664-5p,0.000892356
1932,hsa-miR-3074-5p,0.000892234
1933,hsa-miR-489-3p,0.0008921025
1934,hsa-miR-6889-3p,0.000892074
1935,hsa-miR-4681,0.00089204387
1936,hsa-miR-4466,0.0008919735
1937,hsa-miR-3938,0.0008919385
1938,hsa-miR-4795-5p,0.00089180353
1939,hsa-miR-613,0.00089177385
1940,hsa-miR-762,0.0008917453
1941,hsa-miR-6748-3p,0.00089161657
1942,hsa-miR-32-5p,0.00089160906
1943,hsa-miR-382-5p,0.0008915371
1944,hsa-miR-3150a-5p,0.000891508
1945,hsa-miR-4704-3p,0.0008914512
1946,hsa-miR-454-5p,0.0008914175
1947,hsa-miR-4705,0.000891378
1948,hsa-miR-6834-3p,0.00089133915
1949,hsa-miR-5001-3p,0.0008913203
1950,hsa-miR-4752,0.00089131756
1951,hsa-miR-6080,0.0008913116
1952,hsa-miR-8087,0.0008912273
1953,hsa-miR-492,0.000891164
1954,hsa-miR-1298-5p,0.000891157
1955,hsa-miR-4678,0.00089112204
1956,hsa-miR-331-3p,0.0008911186
1957,hsa-miR-1265,0.0008910524
1958,hsa-miR-129-1-3p,0.00089104736
1959,hsa-miR-4636,0.00089088216
1960,hsa-miR-577,0.00089082855
1961,hsa-miR-3691-3p,0.0008908237
1962,hsa-miR-1825,0.0008908168
1963,hsa-miR-4265,0.0008908094
1964,hsa-miR-5700,0.00089067256
1965,hsa-miR-4471,0.0008905219
1966,hsa-miR-6844,0.0008904754
1967,hsa-miR-5011-3p,0.000890469
1968,hsa-miR-892b,0.00089044124
1969,hsa-miR-449b-5p,0.0008903967
1970,hsa-miR-6719-3p,0.0008903767
1971,hsa-miR-6856-5p,0.0008903319
1972,hsa-miR-3160-3p,0.0008901359
1973,hsa-miR-3200-3p,0.0008897927
1974,"hsa-miR-199a-3p, hsa-miR-199b-3p",0.0008896479
1975,hsa-miR-374b-5p,0.0008896088
1976,hsa-miR-3155b,0.0008893921
1977,hsa-miR-549a,0.00081219757
1978,hsa-miR-3651,0.0008115374
1979,hsa-miR-520g-5p,0.00081151235
1980,hsa-miR-125b-5p,0.00081146037
1981,hsa-miR-548i,0.00081125554
1982,hsa-miR-4733-5p,0.00081117044
1983,hsa-miR-378g,0.0008111395
1984,hsa-miR-200c-3p,0.0008111265
1985,hsa-miR-548ah-5p,0.0008110026
1986,hsa-miR-4671-5p,0.00081100035
1987,hsa-miR-153-3p,0.0008109386
1988,hsa-miR-144-5p,0.0008108867
1989,hsa-miR-4735-5p,0.0008108848
1990,hsa-miR-548c-3p,0.0008108515
1991,hsa-miR-888-3p,0.00081081846
1992,hsa-miR-617,0.00081081135
1993,hsa-miR-4255,0.00081076025
1994,hsa-miR-3120-3p,0.0008107445
1995,hsa-miR-6811-3p,0.0008106848
1996,hsa-miR-5580-3p,0.0008106337
1997,hsa-miR-3667-5p,0.00081060885
1998,hsa-miR-3678-5p,0.0008105999
1999,hsa-miR-214-5p,0.0008105743
2000,hsa-miR-570-3p,0.00081056677
2001,hsa-miR-4661-3p,0.0008105151
2002,hsa-miR-19b-1-5p,0.0008105137
2003,hsa-miR-23b-5p,0.0008104579
2004,hsa-miR-6809-3p,0.00081041816
2005,hsa-miR-4477a,0.00081039517
2006,hsa-miR-4275,0.00081033236
2007,hsa-miR-2277-3p,0.000810311
2008,hsa-miR-587,0.00081020343
2009,hsa-miR-141-5p,0.0008101868
2010,hsa-miR-4520-2-3p,0.0008101002
2011,hsa-miR-3199,0.00081005984
2012,hsa-miR-3922-5p,0.00081003224
2013,hsa-miR-628-3p,0.0008100111
2014,hsa-miR-301a-3p,0.00080995844
2015,hsa-miR-921,0.00080994994
2016,hsa-miR-512-5p,0.0008099179
2017,hsa-miR-151a-3p,0.0008099103
2018,hsa-miR-1253,0.0008098837
2019,hsa-miR-3134,0.00080979813
2020,hsa-miR-942-5p,0.0008097903
2021,hsa-miR-548j-3p,0.00080972497
2022,hsa-miR-6816-3p,0.0008095652
2023,hsa-miR-7151-3p,0.0008094786
2024,hsa-miR-1208,0.00080943794
2025,hsa-miR-6829-3p,0.00080937747
2026,hsa-let-7a-3p,0.0008090646
2027,hsa-miR-19a-3p,0.00080885383
2028,hsa-miR-6755-5p,0.0008088471
2029,hsa-miR-5695,0.00080868235
2030,hsa-miR-891a-3p,0.0007314874
2031,hsa-miR-6821-5p,0.00073087914
2032,hsa-miR-6850-5p,0.00073083176
2033,hsa-miR-196a-5p,0.00073046656
2034,hsa-miR-1204,0.0007304525
2035,hsa-miR-216a-3p,0.0007304263
2036,hsa-miR-6788-3p,0.0007304124
2037,hsa-miR-200c-5p,0.00073040486
2038,hsa-miR-1184,0.000730354
2039,hsa-miR-3942-5p,0.00073023717
2040,hsa-miR-1245b-3p,0.00073020475
2041,hsa-miR-1206,0.00073014665
2042,"hsa-miR-548aa, hsa-miR-548t-3p",0.00073008984
2043,hsa-miR-6885-3p,0.0007300807
2044,hsa-miR-3607-3p,0.0007300519
2045,hsa-miR-2113,0.00073001586
2046,hsa-miR-6737-3p,0.0007300082
2047,hsa-miR-6504-5p,0.0007299211
2048,hsa-miR-138-2-3p,0.00072989694
2049,hsa-miR-3074-3p,0.0007298875
2050,hsa-miR-3941,0.00072988274
2051,hsa-miR-376b-3p,0.0007298784
2052,hsa-miR-516b-5p,0.0007298359
2053,hsa-miR-548bb-3p,0.0007297041
2054,hsa-miR-4764-5p,0.0007296707
2055,hsa-miR-5579-3p,0.00072966976
2056,hsa-miR-20b-3p,0.0007296691
2057,hsa-miR-3609,0.00072962
2058,hsa-miR-532-5p,0.00072961353
2059,hsa-miR-6791-3p,0.00072956615
2060,hsa-miR-6715b-3p,0.0007295256
2061,hsa-miR-190a-3p,0.0007295241
2062,hsa-miR-27b-5p,0.00072949525
2063,hsa-miR-548m,0.0007294687
2064,hsa-miR-3910,0.0007294459
2065,hsa-miR-6808-3p,0.00072942884
2066,hsa-miR-542-3p,0.00072941376
2067,hsa-miR-562,0.000729386
2068,hsa-miR-4677-3p,0.00072929467
2069,hsa-miR-548f-5p,0.00072926906
2070,hsa-miR-521,0.0007292299
2071,hsa-miR-548ao-5p,0.0007292298
2072,hsa-miR-1179,0.00072920293
2073,hsa-miR-561-5p,0.0007291875
2074,hsa-miR-6077,0.00072915497
2075,hsa-miR-339-3p,0.0007291503
2076,hsa-miR-4314,0.00072910945
2077,hsa-miR-4671-3p,0.0007291089
2078,hsa-miR-5188,0.00072906923
2079,hsa-miR-371b-3p,0.0007290632
2080,hsa-miR-421,0.0007290008
2081,hsa-miR-7112-3p,0.0007289516
2082,hsa-miR-223-5p,0.0007289332
2083,"hsa-miR-548ad-5p, hsa-miR-548ae-5p",0.0007288388
2084,hsa-miR-7160-3p,0.00072882825
2085,hsa-miR-3680-3p,0.0007288117
2086,hsa-miR-6779-3p,0.0007287938
2087,hsa-miR-495-3p,0.000728786
2088,hsa-miR-1266-5p,0.00072874024
2089,hsa-miR-5683,0.00072872895
2090,hsa-miR-3944-3p,0.000728691
2091,hsa-miR-449a,0.00072865863
2092,hsa-miR-4287,0.0007285842
2093,hsa-miR-33a-3p,0.0007285831
2094,hsa-miR-3606-5p,0.0007285762
2095,hsa-let-7g-3p,0.0007285542
2096,hsa-miR-548aq-5p,0.00072849175
2097,hsa-miR-656-3p,0.0007284917
2098,hsa-miR-3157-5p,0.0007284912
2099,hsa-miR-3677-5p,0.0007284592
2100,hsa-miR-5589-5p,0.00072841253
2101,hsa-miR-6506-5p,0.0007283937
2102,hsa-miR-203a-5p,0.0007282935
2103,hsa-miR-3929,0.0007281967
2104,hsa-miR-219b-5p,0.0007281642
2105,hsa-miR-6888-5p,0.0007281363
2106,hsa-miR-4506,0.000728079
2107,hsa-miR-548an,0.00072805904
2108,hsa-miR-146b-3p,0.0007278549
2109,hsa-miR-4520-5p,0.00065047457
2110,hsa-miR-6814-3p,0.0006498055
2111,hsa-miR-3136-5p,0.0006496368
2112,hsa-miR-5088-3p,0.00064955675
2113,hsa-miR-374a-5p,0.00064931536
2114,hsa-miR-138-5p,0.000649293
2115,hsa-miR-6505-5p,0.0006490994
2116,hsa-miR-6751-5p,0.0006490807
2117,hsa-miR-1267,0.000648959
2118,hsa-miR-548n,0.0006488456
2119,hsa-miR-1298-3p,0.0006488418
2120,hsa-miR-6071,0.00064880814
2121,hsa-miR-615-3p,0.00064874487
2122,hsa-miR-655-5p,0.00064868946
2123,hsa-miR-4662a-3p,0.00064868893
2124,hsa-miR-1279,0.00064867164
2125,hsa-miR-4305,0.00064859603
2126,hsa-miR-378a-3p,0.00064859266
2127,hsa-miR-3591-3p,0.00064858026
2128,hsa-miR-4264,0.00064857886
2129,hsa-miR-5004-5p,0.0006485419
2130,hsa-miR-3136-3p,0.0006485186
2131,hsa-miR-4641,0.00064851664
2132,hsa-miR-5582-5p,0.00064851384
2133,hsa-miR-5047,0.00064837834
2134,hsa-miR-6751-3p,0.00064837345
2135,hsa-miR-33a-5p,0.00064835855
2136,hsa-miR-548e-5p,0.00064828194
2137,hsa-miR-593-3p,0.0006482738
2138,hsa-miR-632,0.00064826733
2139,hsa-miR-7852-3p,0.000648195
2140,hsa-miR-1182,0.0006481754
2141,hsa-miR-1321,0.00064807053
2142,hsa-miR-1243,0.00064806675
2143,hsa-miR-6759-3p,0.0006480591
2144,hsa-miR-4329,0.0006480507
2145,hsa-miR-1295b-3p,0.0006480392
2146,hsa-miR-631,0.0006480123
2147,hsa-miR-4711-5p,0.0006479932
2148,hsa-miR-4690-3p,0.0006479641
2149,hsa-miR-6762-3p,0.0006479411
2150,hsa-miR-7703,0.0006479212
2151,hsa-miR-1468-5p,0.00064788014
2152,hsa-miR-1250-3p,0.00064787245
2153,hsa-miR-889-5p,0.00064786035
2154,hsa-miR-6754-5p,0.00064784073
2155,hsa-miR-369-5p,0.0006478297
2156,hsa-miR-6134,0.0006477754
2157,hsa-miR-6783-3p,0.00064775127
2158,hsa-let-7c-3p,0.0006477123
2159,hsa-miR-624-5p,0.0006476651
2160,hsa-miR-544b,0.00064761896
2161,hsa-miR-541-5p,0.000647565
2162,hsa-miR-623,0.0006475455
2163,hsa-miR-1911-5p,0.00064742303
2164,hsa-miR-4637,0.0006474145
2165,hsa-miR-502-3p,0.00064734963
2166,hsa-miR-3175,0.00064732385
2167,hsa-miR-5702,0.0006473097
2168,hsa-miR-6820-3p,0.00064729695
2169,hsa-miR-2114-5p,0.0006472758
2170,hsa-miR-7-1-3p,0.0006471655
2171,hsa-miR-603,0.0006471527
2172,hsa-miR-3611,0.00064685725
2173,hsa-miR-103a-2-5p,0.0006468049
2174,hsa-miR-627-3p,0.0006467979
2175,hsa-miR-619-3p,0.00064647826
2176,hsa-miR-330-5p,0.0005690885
2177,hsa-miR-5590-3p,0.0005687791
2178,hsa-miR-571,0.00056867604
2179,hsa-miR-3143,0.00056866
2180,hsa-miR-7159-3p,0.00056859036
2181,hsa-miR-224-3p,0.0005684666
2182,hsa-miR-7152-3p,0.00056825293
2183,hsa-miR-1269a,0.0005680499
2184,hsa-miR-454-3p,0.0005680003
2185,hsa-miR-6852-5p,0.00056793314
2186,hsa-miR-4781-5p,0.0005679273
2187,hsa-miR-6761-5p,0.00056788285
2188,hsa-miR-302a-3p,0.00056780496
2189,hsa-miR-376c-5p,0.0005677617
2190,hsa-miR-616-3p,0.000567677
2191,hsa-miR-6733-3p,0.0005676559
2192,hsa-miR-744-3p,0.0005676332
2193,hsa-miR-3672,0.0005676184
2194,hsa-miR-6854-5p,0.00056755316
2195,hsa-miR-7108-5p,0.00056753174
2196,hsa-miR-501-3p,0.0005675117
2197,hsa-miR-8082,0.0005675113
2198,hsa-miR-6848-5p,0.00056749786
2199,hsa-miR-6849-3p,0.0005674601
2200,hsa-miR-141-3p,0.00056745316
2201,hsa-miR-181b-3p,0.00056744384
2202,hsa-miR-5706,0.0005674421
2203,hsa-miR-7153-3p,0.0005674406
2204,hsa-miR-301a-5p,0.0005674063
2205,hsa-miR-377-5p,0.00056736864
2206,hsa-miR-3660,0.00056735374
2207,hsa-miR-6858-3p,0.0005673405
2208,hsa-miR-7-5p,0.0005673178
2209,hsa-miR-3620-3p,0.0005672905
2210,hsa-miR-548ba,0.000567265
2211,hsa-miR-190b,0.0005672585
2212,hsa-miR-3115,0.0005671871
2213,hsa-miR-101-5p,0.0005671721
2214,hsa-miR-5007-3p,0.00056717114
2215,hsa-miR-6789-3p,0.00056716014
2216,hsa-miR-8062,0.00056712475
2217,hsa-miR-5582-3p,0.0005671234
2218,hsa-miR-5585-5p,0.0005670917
2219,hsa-miR-3198,0.0005670799
2220,hsa-miR-3655,0.00056704675
2221,hsa-miR-3179,0.0005670464
2222,hsa-miR-499b-5p,0.00056702166
2223,hsa-miR-4425,0.00056695344
2224,hsa-miR-4782-5p,0.0005669437
2225,hsa-miR-3064-3p,0.0005669287
2226,hsa-miR-8083,0.00056690996
2227,hsa-miR-4501,0.00056687556
2228,hsa-miR-4660,0.000566863
2229,hsa-miR-361-5p,0.000566861
2230,hsa-miR-5002-5p,0.0005668119
2231,hsa-miR-193b-5p,0.00056680787
2232,hsa-miR-6809-5p,0.0005668044
2233,hsa-miR-7-2-3p,0.0005667833
2234,hsa-miR-10a-3p,0.0005667694
2235,hsa-miR-539-3p,0.00056675874
2236,hsa-miR-219a-1-3p,0.00056675076
2237,hsa-miR-6720-5p,0.00056672393
2238,hsa-miR-3124-3p,0.0005666843
2239,hsa-miR-1284,0.0005666593
2240,hsa-miR-670-5p,0.00056659983
2241,hsa-miR-3686,0.00056656264
2242,hsa-miR-152-5p,0.00056646846
2243,hsa-miR-4537,0.0005664562
2244,hsa-miR-616-5p,0.00056628615
2245,hsa-miR-6758-3p,0.0005661079
2246,hsa-miR-4672,0.00056591805
2247,hsa-miR-431-3p,0.0005656506
2248,hsa-miR-381-5p,0.00048815296
2249,hsa-miR-625-5p,0.00048757615
2250,hsa-miR-4798-3p,0.000487469
2251,hsa-miR-5697,0.0004874268
2252,hsa-miR-4704-5p,0.00048736334
2253,hsa-miR-378f,0.0004869689
2254,hsa-miR-3615,0.0004869658
2255,hsa-miR-3677-3p,0.0004869628
2256,hsa-miR-5696,0.00048689154
2257,hsa-miR-6510-3p,0.000486865
2258,hsa-miR-1185-5p,0.00048683494
2259,hsa-miR-7161-3p,0.00048678496
2260,hsa-miR-4330,0.00048675443
2261,hsa-miR-7162-3p,0.00048674477
2262,hsa-miR-3149,0.00048674064
2263,hsa-miR-8075,0.0004867185
2264,hsa-miR-4762-3p,0.00048669102
2265,hsa-miR-548au-3p,0.00048664288
2266,hsa-miR-194-3p,0.00048651572
2267,hsa-miR-4524b-5p,0.00048649008
2268,hsa-miR-6864-5p,0.00048640824
2269,hsa-miR-6743-3p,0.00048635647
2270,hsa-miR-4772-5p,0.00048633094
2271,hsa-miR-425-5p,0.0004863049
2272,hsa-miR-5089-3p,0.00048625265
2273,hsa-miR-1273h-3p,0.00048618365
2274,hsa-miR-4288,0.0004861807
2275,hsa-miR-3193,0.00048617963
2276,hsa-miR-618,0.0004861487
2277,hsa-miR-219b-3p,0.00048614814
2278,hsa-miR-130a-5p,0.00048614645
2279,hsa-miR-876-5p,0.00048609974
2280,hsa-miR-5580-5p,0.0004860894
2281,hsa-miR-493-5p,0.0004860824
2282,hsa-miR-6074,0.0004860811
2283,hsa-miR-4802-5p,0.0004860217
2284,hsa-miR-6841-3p,0.0004860214
2285,hsa-miR-5694,0.00048601537
2286,hsa-miR-6816-5p,0.00048600225
2287,hsa-miR-302d-5p,0.00048597745
2288,hsa-miR-4319,0.00048596022
2289,hsa-miR-6818-3p,0.00048593752
2290,hsa-miR-3170,0.00048593682
2291,hsa-miR-6780a-3p,0.00048589116
2292,hsa-miR-6516-5p,0.00048587058
2293,hsa-miR-4311,0.00048586514
2294,hsa-miR-374c-3p,0.00048584008
2295,hsa-miR-7107-3p,0.00048579357
2296,hsa-miR-8066,0.00048572742
2297,hsa-miR-6767-3p,0.00048570038
2298,hsa-miR-664b-3p,0.0004856683
2299,hsa-miR-5681b,0.00048564342
2300,hsa-miR-6500-5p,0.00048564182
2301,hsa-miR-3129-5p,0.00048562806
2302,hsa-miR-1252-5p,0.0004852673
2303,hsa-miR-4436a,0.0004849858
2304,hsa-miR-630,0.0004064543
2305,hsa-miR-212-5p,0.00040630778
2306,hsa-miR-196b-3p,0.0004062162
2307,hsa-miR-3913-5p,0.00040613668
2308,hsa-miR-6770-5p,0.00040610178
2309,hsa-miR-3140-5p,0.00040593147
2310,hsa-miR-4291,0.00040590455
2311,hsa-miR-4653-3p,0.00040576255
2312,hsa-miR-890,0.0004057369
2313,hsa-miR-4254,0.00040572858
2314,hsa-miR-4647,0.00040569008
2315,hsa-miR-4310,0.00040566505
2316,hsa-miR-942-3p,0.00040566022
2317,hsa-miR-455-3p,0.00040564788
2318,hsa-miR-7702,0.00040559887
2319,hsa-miR-1910-3p,0.00040552422
2320,hsa-miR-147b,0.0004054654
2321,hsa-miR-3688-3p,0.00040537264
2322,hsa-miR-7856-5p,0.00040535824
2323,hsa-miR-4445-3p,0.00040532195
2324,hsa-miR-6853-5p,0.00040530093
2325,hsa-miR-6740-5p,0.00040529284
2326,hsa-miR-181a-2-3p,0.00040525987
2327,hsa-miR-154-3p,0.00040514828
2328,hsa-miR-6772-3p,0.00040514613
2329,hsa-miR-626,0.00040513524
2330,hsa-miR-3681-5p,0.0004050773
2331,hsa-miR-222-5p,0.0004050704
2332,hsa-miR-4518,0.00040507026
2333,hsa-miR-411-3p,0.0004050628
2334,hsa-miR-873-3p,0.00040503725
2335,hsa-miR-4495,0.0004050368
2336,hsa-miR-2278,0.00040501732
2337,hsa-miR-605-5p,0.0004049891
2338,hsa-miR-1277-3p,0.00040498565
2339,hsa-miR-3678-3p,0.00040498498
2340,hsa-miR-509-3-5p,0.0004049792
2341,hsa-miR-924,0.000404959
2342,hsa-miR-1273h-5p,0.00040495876
2343,hsa-miR-302b-3p,0.0004049458
2344,hsa-miR-378d,0.00040493268
2345,hsa-miR-3934-3p,0.00040492666
2346,hsa-miR-1323,0.00040491318
2347,hsa-miR-302d-3p,0.00040490553
2348,hsa-miR-1285-5p,0.00040488582
2349,"hsa-miR-3689a-5p, hsa-miR-3689b-5p, hsa-miR-3689e",0.00040488038
2350,hsa-miR-6509-3p,0.00040482776
2351,hsa-miR-548b-5p,0.00040478207
2352,hsa-miR-3974,0.00040477328
2353,hsa-miR-548j-5p,0.0004046834
2354,hsa-miR-550b-2-5p,0.0004046586
2355,hsa-miR-494-5p,0.00040463023
2356,hsa-miR-4320,0.00040455058
2357,hsa-miR-412-5p,0.00040453867
2358,hsa-miR-4293,0.00040453215
2359,hsa-miR-676-5p,0.0004044463
2360,hsa-miR-4325,0.00040443343
2361,hsa-miR-4283,0.00040440686
2362,hsa-miR-4742-3p,0.00040439336
2363,hsa-miR-6755-3p,0.0004043886
2364,hsa-miR-548k,0.00040438064
2365,hsa-miR-3675-5p,0.00040430218
2366,hsa-miR-372-3p,0.00040417773
2367,hsa-miR-5195-5p,0.00040399478
2368,hsa-miR-548e-3p,0.00032515495
2369,hsa-miR-1287-5p,0.00032515268
2370,hsa-miR-3925-3p,0.0003250535
2371,hsa-miR-4280,0.00032498545
2372,hsa-miR-6773-5p,0.0003249664
2373,hsa-miR-1537-5p,0.0003249363
2374,hsa-miR-6783-5p,0.00032489075
2375,hsa-miR-5579-5p,0.00032488245
2376,hsa-miR-580-5p,0.0003247392
2377,hsa-miR-1288-5p,0.00032469275
2378,hsa-miR-4468,0.0003246368
2379,hsa-let-7e-3p,0.0003246268
2380,hsa-miR-302c-3p,0.00032454488
2381,hsa-miR-2052,0.00032450416
2382,hsa-miR-100-3p,0.00032448716
2383,hsa-miR-3923,0.00032447823
2384,hsa-miR-4796-5p,0.00032447162
2385,hsa-miR-4778-5p,0.00032444106
2386,hsa-miR-1180-3p,0.00032442028
2387,hsa-miR-511-3p,0.0003243798
2388,hsa-miR-6504-3p,0.00032437572
2389,hsa-miR-642b-5p,0.0003243491
2390,hsa-miR-4653-5p,0.0003243217
2391,hsa-miR-4791,0.000324301
2392,hsa-miR-761,0.00032429548
2393,hsa-miR-451b,0.00032428346
2394,hsa-miR-4740-3p,0.00032426603
2395,hsa-miR-378h,0.0003242296
2396,hsa-miR-15a-3p,0.00032421597
2397,hsa-miR-2116-5p,0.00032419676
2398,hsa-miR-2681-3p,0.0003241419
2399,hsa-miR-1250-5p,0.0003241317
2400,hsa-miR-338-3p,0.00032411178
2401,hsa-miR-6130,0.0003240907
2402,hsa-miR-3121-3p,0.00032407837
2403,hsa-miR-181a-3p,0.00032406463
2404,hsa-miR-2053,0.00032402657
2405,hsa-miR-3689a-3p,0.00032400578
2406,hsa-miR-4999-3p,0.0003239602
2407,hsa-miR-338-5p,0.00032394
2408,hsa-miR-664a-5p,0.00032393998
2409,hsa-miR-208b-3p,0.00032392668
2410,hsa-miR-4774-3p,0.0003239217
2411,hsa-miR-937-3p,0.00032390666
2412,hsa-miR-6818-5p,0.0003238965
2413,hsa-miR-378j,0.0003238042
2414,hsa-miR-7157-3p,0.0003237821
2415,hsa-miR-6513-3p,0.00032378192
2416,hsa-miR-3913-3p,0.00032376373
2417,hsa-miR-550b-3p,0.00032375628
2418,hsa-miR-378e,0.00032373055
2419,hsa-miR-5004-3p,0.00032366428
2420,hsa-miR-889-3p,0.00032360648
2421,hsa-miR-4703-5p,0.00032353977
2422,hsa-miR-5680,0.00032353977
2423,"hsa-miR-548ai, hsa-miR-570-5p",0.00032352694
2424,hsa-miR-607,0.00032350098
2425,hsa-miR-3148,0.00032335662
2426,hsa-miR-3659,0.00032320622
2427,hsa-miR-6817-5p,0.00024373093
2428,hsa-miR-513b-5p,0.00024371102
2429,hsa-miR-6883-5p,0.00024370215
2430,hsa-miR-6516-3p,0.00024365186
2431,hsa-miR-661,0.00024358975
2432,hsa-miR-3975,0.00024358102
2433,hsa-miR-7973,0.00024352927
2434,hsa-miR-1251-3p,0.00024349664
2435,hsa-miR-4774-5p,0.00024347485
2436,hsa-miR-5682,0.0002433731
2437,hsa-miR-6774-3p,0.00024334362
2438,hsa-miR-3182,0.0002433203
2439,hsa-miR-1287-3p,0.00024330078
2440,hsa-miR-4753-3p,0.00024325082
2441,hsa-miR-6513-5p,0.00024321167
2442,hsa-miR-4493,0.00024321076
2443,hsa-miR-4512,0.00024317228
2444,hsa-miR-487b-3p,0.00024315367
2445,hsa-miR-548y,0.000243144
2446,hsa-miR-3692-5p,0.00024313215
2447,hsa-miR-3691-5p,0.00024312557
2448,hsa-miR-10a-5p,0.00024305275
2449,hsa-miR-6824-3p,0.00024304687
2450,hsa-miR-7151-5p,0.00024304059
2451,hsa-miR-5692c,0.00024299618
2452,hsa-miR-5003-5p,0.00024296163
2453,hsa-miR-3681-3p,0.00024295683
2454,hsa-miR-4724-5p,0.00024295648
2455,hsa-miR-766-5p,0.00024290875
2456,hsa-miR-4315,0.00024290853
2457,hsa-miR-4804-5p,0.0002428967
2458,hsa-miR-3912-3p,0.0002428695
2459,hsa-miR-3138,0.0002428442
2460,hsa-miR-597-3p,0.00024281722
2461,hsa-miR-4524a-5p,0.00024279844
2462,hsa-miR-1306-3p,0.00024277106
2463,hsa-miR-4699-5p,0.00024275137
2464,hsa-miR-1295b-5p,0.00024274463
2465,hsa-miR-4782-3p,0.00024273814
2466,hsa-miR-891a-5p,0.00024272515
2467,hsa-miR-6768-3p,0.00024271866
2468,hsa-miR-301b-3p,0.00024265956
2469,hsa-miR-1183,0.00024264652
2470,hsa-miR-8079,0.00024259434
2471,hsa-miR-2355-3p,0.00024254859
2472,hsa-miR-6072,0.00024248313
2473,hsa-miR-4776-3p,0.00024246355
2474,hsa-miR-5583-3p,0.00016280127
2475,hsa-miR-7154-3p,0.00016263025
2476,hsa-miR-4324,0.00016260846
2477,hsa-miR-7515,0.00016256211
2478,hsa-miR-3683,0.00016240356
2479,hsa-miR-3144-3p,0.00016231797
2480,hsa-miR-660-3p,0.00016229814
2481,hsa-miR-6874-3p,0.00016229814
2482,hsa-miR-6728-5p,0.00016229814
2483,hsa-miR-4645-5p,0.00016227915
2484,hsa-miR-196b-5p,0.00016225292
2485,hsa-miR-6133,0.00016222597
2486,hsa-miR-4760-5p,0.00016214728
2487,hsa-miR-622,0.00016214728
2488,hsa-miR-2054,0.00016211453
2489,hsa-miR-4517,0.0001620882
2490,hsa-miR-3912-5p,0.00016206811
2491,hsa-miR-34c-3p,0.0001620026
2492,hsa-miR-6854-3p,0.00016198383
2493,hsa-miR-98-3p,0.00016196989
2494,hsa-miR-5581-3p,0.00016195122
2495,hsa-miR-5687,0.00016193144
2496,hsa-miR-664b-5p,0.00016187844
2497,hsa-miR-4803,0.00016187794
2498,hsa-let-7a-2-3p,0.00016187778
2499,hsa-miR-3713,0.00016187778
2500,hsa-miR-7705,0.00016181273
2501,hsa-miR-4453,0.00016181229
2502,hsa-miR-7159-5p,0.00016180574
2503,hsa-miR-4657,0.00016178012
2504,hsa-miR-1322,0.00016172738
2505,hsa-miR-1293,0.00016171433
2506,hsa-miR-4432,0.00016170763
2507,hsa-miR-4502,0.00016170763
2508,hsa-miR-450a-2-3p,0.00016169464
2509,hsa-miR-660-5p,0.0001616881
2510,hsa-miR-519c-3p,0.00016164234
2511,hsa-miR-6499-3p,0.00016160311
2512,hsa-miR-8086,0.00016155746
2513,hsa-miR-767-5p,8.161266e-05
2514,hsa-miR-8055,8.161266e-05
2515,hsa-miR-676-3p,8.161266e-05
2516,hsa-miR-4474-3p,8.1314036e-05
2517,hsa-miR-548ay-5p,8.1314036e-05
2518,hsa-miR-4738-5p,8.1314036e-05
2519,hsa-miR-4477b,8.1314036e-05
2520,hsa-miR-5003-3p,8.1214974e-05
2521,hsa-miR-5197-3p,8.1214974e-05
2522,hsa-miR-519b-3p,8.1214974e-05
2523,hsa-miR-6852-3p,8.120838e-05
2524,hsa-miR-4778-3p,8.120838e-05
2525,hsa-miR-4509,8.120838e-05
2526,hsa-miR-4527,8.103728e-05
2527,hsa-miR-7844-5p,8.103728e-05
2528,hsa-miR-659-5p,8.0997896e-05
2529,hsa-miR-513c-5p,8.0997896e-05
2530,hsa-miR-8070,8.093889e-05
2531,hsa-miR-6884-5p,8.0906146e-05
2532,hsa-miR-4999-5p,8.0906146e-05
2533,hsa-miR-6822-3p,8.0906146e-05
2534,hsa-miR-4768-3p,8.086689e-05
2535,hsa-miR-3201,8.086689e-05
2536,hsa-miR-5000-5p,8.086035e-05
2537,hsa-miR-769-5p,8.0814614e-05
2538,hsa-miR-584-3p,8.0814614e-05
2539,hsa-miR-4692,8.078849e-05
2540,hsa-miR-758-5p,8.078849e-05
2541,hsa-miR-95-5p,8.077545e-05
2542,hsa-miR-4639-5p,8.077545e-05
2543,hsa-miR-1271-3p,8.074284e-05
2544,hsa-miR-4437,8.074284e-05
2545,hsa-miR-7157-5p,0.0
2546,hsa-miR-4715-5p,0.0
2547,hsa-miR-4441,0.0
2548,hsa-miR-552-5p,0.0
2549,hsa-miR-6828-3p,0.0
2550,hsa-miR-4452,0.0
2551,hsa-miR-30d-3p,0.0
2552,hsa-miR-610,0.0
2553,hsa-miR-500a-5p,0.0
